id,volume
2018-07-01T00:00,2017.0
2018-07-01T01:00,1314.0
2018-07-01T02:00,848.0
2018-07-01T03:00,703.0
2018-07-01T04:00,419.0
2018-07-01T05:00,372.0
2018-07-01T06:00,529.0
2018-07-01T07:00,979.0
2018-07-01T08:00,1237.0
2018-07-01T09:00,1682.0
2018-07-01T10:00,2495.0
2018-07-01T11:00,2924.0
2018-07-01T12:00,3323.0
2018-07-01T13:00,3696.0
2018-07-01T14:00,4084.0
2018-07-01T15:00,4187.0
2018-07-01T16:00,4365.0
2018-07-01T17:00,4380.0
2018-07-01T18:00,4049.0
2018-07-01T19:00,3680.0
2018-07-01T20:00,3404.0
2018-07-01T21:00,3018.0
2018-07-01T22:00,2640.0
2018-07-01T23:00,2152.0
2018-07-02T00:00,3078.0
2018-07-02T01:00,1043.0
2018-07-02T02:00,523.0
2018-07-02T03:00,425.0
2018-07-02T04:00,398.0
2018-07-02T05:00,896.0
2018-07-02T06:00,2931.0
2018-07-02T07:00,5305.0
2018-07-02T08:00,5936.0
2018-07-02T09:00,4859.0
2018-07-02T10:00,4473.0
2018-07-02T11:00,4172.0
2018-07-02T12:00,4498.0
2018-07-02T13:00,4617.0
2018-07-02T14:00,4667.0
2018-07-02T15:00,4728.0
2018-07-02T16:00,5115.0
2018-07-02T17:00,5853.0
2018-07-02T18:00,5241.0
2018-07-02T19:00,3922.0
2018-07-02T20:00,3183.0
2018-07-02T21:00,2792.0
2018-07-02T22:00,2552.0
2018-07-02T23:00,2118.0
2018-07-03T00:00,1461.0
2018-07-03T01:00,722.0
2018-07-03T02:00,455.0
2018-07-03T03:00,340.0
2018-07-03T04:00,391.0
2018-07-03T05:00,863.0
2018-07-03T06:00,2836.0
2018-07-03T07:00,5264.0
2018-07-03T08:00,5737.0
2018-07-03T09:00,5017.0
2018-07-03T10:00,4373.0
2018-07-03T11:00,4099.0
2018-07-03T12:00,4415.0
2018-07-03T13:00,4775.0
2018-07-03T14:00,4799.0
2018-07-03T15:00,4968.0
2018-07-03T16:00,5526.0
2018-07-03T17:00,6135.0
2018-07-03T18:00,5092.0
2018-07-03T19:00,4313.0
2018-07-03T20:00,3308.0
2018-07-03T21:00,3055.0
2018-07-03T22:00,2700.0
2018-07-03T23:00,2176.0
2018-07-04T00:00,1741.0
2018-07-04T01:00,1021.0
2018-07-04T02:00,605.0
2018-07-04T03:00,573.0
2018-07-04T04:00,353.0
2018-07-04T05:00,354.0
2018-07-04T06:00,698.0
2018-07-04T07:00,1141.0
2018-07-04T08:00,1128.0
2018-07-04T09:00,1275.0
2018-07-04T10:00,1687.0
2018-07-04T11:00,1920.0
2018-07-04T12:00,2603.0
2018-07-04T13:00,2761.0
2018-07-04T14:00,2929.0
2018-07-04T15:00,3318.0
2018-07-04T16:00,3070.0
2018-07-04T17:00,3224.0
2018-07-04T18:00,3045.0
2018-07-04T19:00,2664.0
2018-07-04T20:00,2596.0
2018-07-04T21:00,2503.0
2018-07-04T22:00,2582.0
2018-07-04T23:00,2030.0
2018-07-05T00:00,1936.0
2018-07-05T01:00,971.0
2018-07-05T02:00,476.0
2018-07-05T03:00,317.0
2018-07-05T04:00,338.0
2018-07-05T05:00,754.0
2018-07-05T06:00,2412.0
2018-07-05T07:00,4500.0
2018-07-05T08:00,4966.0
2018-07-05T09:00,4440.0
2018-07-05T10:00,4205.0
2018-07-05T11:00,4154.0
2018-07-05T12:00,4201.0
2018-07-05T13:00,4416.0
2018-07-05T14:00,4491.0
2018-07-05T15:00,4708.0
2018-07-05T16:00,5066.0
2018-07-05T17:00,5908.0
2018-07-05T18:00,5223.0
2018-07-05T19:00,4115.0
2018-07-05T20:00,3099.0
2018-07-05T21:00,2713.0
2018-07-05T22:00,2633.0
2018-07-05T23:00,2002.0
2018-07-06T00:00,1287.0
2018-07-06T01:00,743.0
2018-07-06T02:00,435.0
2018-07-06T03:00,372.0
2018-07-06T04:00,343.0
2018-07-06T05:00,752.0
2018-07-06T06:00,2453.0
2018-07-06T07:00,4489.0
2018-07-06T08:00,5069.0
2018-07-06T09:00,4489.0
2018-07-06T10:00,4305.0
2018-07-06T11:00,4215.0
2018-07-06T12:00,4547.0
2018-07-06T13:00,4684.0
2018-07-06T14:00,4594.0
2018-07-06T15:00,4818.0
2018-07-06T16:00,5182.0
2018-07-06T17:00,5353.0
2018-07-06T18:00,4822.0
2018-07-06T19:00,4089.0
2018-07-06T20:00,3390.0
2018-07-06T21:00,2966.0
2018-07-06T22:00,2903.0
2018-07-06T23:00,2533.0
2018-07-07T00:00,2227.0
2018-07-07T01:00,1233.0
2018-07-07T02:00,689.0
2018-07-07T03:00,604.0
2018-07-07T04:00,382.0
2018-07-07T05:00,429.0
2018-07-07T06:00,769.0
2018-07-07T07:00,1246.0
2018-07-07T08:00,1710.0
2018-07-07T09:00,2428.0
2018-07-07T10:00,3029.0
2018-07-07T11:00,3386.0
2018-07-07T12:00,4045.0
2018-07-07T13:00,4160.0
2018-07-07T14:00,4118.0
2018-07-07T15:00,3992.0
2018-07-07T16:00,4022.0
2018-07-07T17:00,4289.0
2018-07-07T18:00,4085.0
2018-07-07T19:00,3986.0
2018-07-07T20:00,3416.0
2018-07-07T21:00,3191.0
2018-07-07T22:00,3616.0
2018-07-07T23:00,3055.0
2018-07-08T00:00,2246.0
2018-07-08T01:00,1423.0
2018-07-08T02:00,786.0
2018-07-08T03:00,693.0
2018-07-08T04:00,357.0
2018-07-08T05:00,327.0
2018-07-08T06:00,476.0
2018-07-08T07:00,876.0
2018-07-08T08:00,1084.0
2018-07-08T09:00,1920.0
2018-07-08T10:00,2584.0
2018-07-08T11:00,3236.0
2018-07-08T12:00,3837.0
2018-07-08T13:00,4075.0
2018-07-08T14:00,4211.0
2018-07-08T15:00,4470.0
2018-07-08T16:00,4397.0
2018-07-08T17:00,4514.0
2018-07-08T18:00,4297.0
2018-07-08T19:00,3953.0
2018-07-08T20:00,3969.0
2018-07-08T21:00,3571.0
2018-07-08T22:00,2948.0
2018-07-08T23:00,2039.0
2018-07-09T00:00,1339.0
2018-07-09T01:00,676.0
2018-07-09T02:00,423.0
2018-07-09T03:00,320.0
2018-07-09T04:00,348.0
2018-07-09T05:00,903.0
2018-07-09T06:00,2977.0
2018-07-09T07:00,5679.0
2018-07-09T08:00,6178.0
2018-07-09T09:00,5656.0
2018-07-09T10:00,4586.0
2018-07-09T11:00,4266.0
2018-07-09T12:00,4448.0
2018-07-09T13:00,4689.0
2018-07-09T14:00,4621.0
2018-07-09T15:00,4836.0
2018-07-09T16:00,5429.0
2018-07-09T17:00,6311.0
2018-07-09T18:00,5805.0
2018-07-09T19:00,4290.0
2018-07-09T20:00,3240.0
2018-07-09T21:00,2861.0
2018-07-09T22:00,2633.0
2018-07-09T23:00,2071.0
2018-07-10T00:00,1189.0
2018-07-10T01:00,688.0
2018-07-10T02:00,389.0
2018-07-10T03:00,295.0
2018-07-10T04:00,364.0
2018-07-10T05:00,898.0
2018-07-10T06:00,3137.0
2018-07-10T07:00,5886.0
2018-07-10T08:00,6134.0
2018-07-10T09:00,5786.0
2018-07-10T10:00,4843.0
2018-07-10T11:00,4442.0
2018-07-10T12:00,4586.0
2018-07-10T13:00,4865.0
2018-07-10T14:00,4719.0
2018-07-10T15:00,4789.0
2018-07-10T16:00,5681.0
2018-07-10T17:00,6566.0
2018-07-10T18:00,6081.0
2018-07-10T19:00,4404.0
2018-07-10T20:00,3219.0
2018-07-10T21:00,3053.0
2018-07-10T22:00,3060.0
2018-07-10T23:00,2203.0
2018-07-11T00:00,1311.0
2018-07-11T01:00,661.0
2018-07-11T02:00,401.0
2018-07-11T03:00,321.0
2018-07-11T04:00,384.0
2018-07-11T05:00,948.0
2018-07-11T06:00,3193.0
2018-07-11T07:00,5179.0
2018-07-11T08:00,6295.0
2018-07-11T09:00,5930.0
2018-07-11T10:00,5025.0
2018-07-11T11:00,4829.0
2018-07-11T12:00,5052.0
2018-07-11T13:00,4974.0
2018-07-11T14:00,4779.0
2018-07-11T15:00,4974.0
2018-07-11T16:00,5817.0
2018-07-11T17:00,6522.0
2018-07-11T18:00,5935.0
2018-07-11T19:00,4568.0
2018-07-11T20:00,3412.0
2018-07-11T21:00,3033.0
2018-07-11T22:00,2687.0
2018-07-11T23:00,1960.0
2018-07-12T00:00,1294.0
2018-07-12T01:00,699.0
2018-07-12T02:00,408.0
2018-07-12T03:00,296.0
2018-07-12T04:00,364.0
2018-07-12T05:00,940.0
2018-07-12T06:00,3070.0
2018-07-12T07:00,5702.0
2018-07-12T08:00,6456.0
2018-07-12T09:00,5583.0
2018-07-12T10:00,4958.0
2018-07-12T11:00,4610.0
2018-07-12T12:00,4848.0
2018-07-12T13:00,4891.0
2018-07-12T14:00,5188.0
2018-07-12T15:00,5139.0
2018-07-12T16:00,5743.0
2018-07-12T17:00,6612.0
2018-07-12T18:00,5795.0
2018-07-12T19:00,3890.0
2018-07-12T20:00,3237.0
2018-07-12T21:00,2727.0
2018-07-12T22:00,2497.0
2018-07-12T23:00,1870.0
2018-07-13T00:00,1320.0
2018-07-13T01:00,705.0
2018-07-13T02:00,439.0
2018-07-13T03:00,350.0
2018-07-13T04:00,373.0
2018-07-13T05:00,888.0
2018-07-13T06:00,2917.0
2018-07-13T07:00,5268.0
2018-07-13T08:00,5994.0
2018-07-13T09:00,5288.0
2018-07-13T10:00,4543.0
2018-07-13T11:00,4392.0
2018-07-13T12:00,4740.0
2018-07-13T13:00,5123.0
2018-07-13T14:00,5059.0
2018-07-13T15:00,5363.0
2018-07-13T16:00,5914.0
2018-07-13T17:00,6153.0
2018-07-13T18:00,5257.0
2018-07-13T19:00,4664.0
2018-07-13T20:00,3664.0
2018-07-13T21:00,3260.0
2018-07-13T22:00,3064.0
2018-07-13T23:00,2835.0
2018-07-14T00:00,1971.0
2018-07-14T01:00,1233.0
2018-07-14T02:00,696.0
2018-07-14T03:00,646.0
2018-07-14T04:00,437.0
2018-07-14T05:00,444.0
2018-07-14T06:00,858.0
2018-07-14T07:00,1422.0
2018-07-14T08:00,1991.0
2018-07-14T09:00,2714.0
2018-07-14T10:00,3471.0
2018-07-14T11:00,3718.0
2018-07-14T12:00,4213.0
2018-07-14T13:00,4524.0
2018-07-14T14:00,4218.0
2018-07-14T15:00,4242.0
2018-07-14T16:00,4306.0
2018-07-14T17:00,4317.0
2018-07-14T18:00,4354.0
2018-07-14T19:00,4109.0
2018-07-14T20:00,3446.0
2018-07-14T21:00,3192.0
2018-07-14T22:00,3272.0
2018-07-14T23:00,3074.0
2018-07-15T00:00,2275.0
2018-07-15T01:00,1350.0
2018-07-15T02:00,826.0
2018-07-15T03:00,699.0
2018-07-15T04:00,435.0
2018-07-15T05:00,366.0
2018-07-15T06:00,508.0
2018-07-15T07:00,933.0
2018-07-15T08:00,1195.0
2018-07-15T09:00,1814.0
2018-07-15T10:00,2911.0
2018-07-15T11:00,3310.0
2018-07-15T12:00,3655.0
2018-07-15T13:00,4245.0
2018-07-15T14:00,4233.0
2018-07-15T15:00,4129.0
2018-07-15T16:00,4063.0
2018-07-15T17:00,4438.0
2018-07-15T18:00,4321.0
2018-07-15T19:00,3836.0
2018-07-15T20:00,3535.0
2018-07-15T21:00,3015.0
2018-07-15T22:00,2671.0
2018-07-15T23:00,2009.0
2018-07-16T00:00,1244.0
2018-07-16T01:00,721.0
2018-07-16T02:00,458.0
2018-07-16T03:00,297.0
2018-07-16T04:00,368.0
2018-07-16T05:00,935.0
2018-07-16T06:00,3048.0
2018-07-16T07:00,5593.0
2018-07-16T08:00,5793.0
2018-07-16T09:00,5647.0
2018-07-16T10:00,4603.0
2018-07-16T11:00,4346.0
2018-07-16T12:00,4504.0
2018-07-16T13:00,4588.0
2018-07-16T14:00,4558.0
2018-07-16T15:00,4794.0
2018-07-16T16:00,5558.0
2018-07-16T17:00,6269.0
2018-07-16T18:00,5708.0
2018-07-16T19:00,4203.0
2018-07-16T20:00,3277.0
2018-07-16T21:00,2900.0
2018-07-16T22:00,2424.0
2018-07-16T23:00,1965.0
2018-07-17T00:00,1096.0
2018-07-17T01:00,595.0
2018-07-17T02:00,407.0
2018-07-17T03:00,274.0
2018-07-17T04:00,356.0
2018-07-17T05:00,930.0
2018-07-17T06:00,3171.0
2018-07-17T07:00,5870.0
2018-07-17T08:00,6417.0
2018-07-17T09:00,5455.0
2018-07-17T10:00,5030.0
2018-07-17T11:00,4346.0
2018-07-17T12:00,4540.0
2018-07-17T13:00,4952.0
2018-07-17T14:00,4576.0
2018-07-17T15:00,5011.0
2018-07-17T16:00,5573.0
2018-07-17T17:00,6358.0
2018-07-17T18:00,5698.0
2018-07-17T19:00,4360.0
2018-07-17T20:00,3337.0
2018-07-17T21:00,3113.0
2018-07-17T22:00,2754.0
2018-07-17T23:00,2209.0
2018-07-18T00:00,1242.0
2018-07-18T01:00,657.0
2018-07-18T02:00,410.0
2018-07-18T03:00,313.0
2018-07-18T04:00,377.0
2018-07-18T05:00,894.0
2018-07-18T06:00,3189.0
2018-07-18T07:00,5769.0
2018-07-18T08:00,6200.0
2018-07-18T09:00,5696.0
2018-07-18T10:00,5129.0
2018-07-18T11:00,4560.0
2018-07-18T12:00,4752.0
2018-07-18T13:00,4916.0
2018-07-18T14:00,4714.0
2018-07-18T15:00,5138.0
2018-07-18T16:00,5677.0
2018-07-18T17:00,6606.0
2018-07-18T18:00,6084.0
2018-07-18T19:00,4941.0
2018-07-18T20:00,3461.0
2018-07-18T21:00,3177.0
2018-07-18T22:00,2949.0
2018-07-18T23:00,2200.0
2018-07-19T00:00,1271.0
2018-07-19T01:00,697.0
2018-07-19T02:00,423.0
2018-07-19T03:00,303.0
2018-07-19T04:00,369.0
2018-07-19T05:00,896.0
2018-07-19T06:00,3110.0
2018-07-19T07:00,5752.0
2018-07-19T08:00,6246.0
2018-07-19T09:00,5702.0
2018-07-19T10:00,4855.0
2018-07-19T11:00,4492.0
2018-07-19T12:00,4677.0
2018-07-19T13:00,4861.0
2018-07-19T14:00,4734.0
2018-07-19T15:00,5135.0
2018-07-19T16:00,5704.0
2018-07-19T17:00,6459.0
2018-07-19T18:00,5872.0
2018-07-19T19:00,4497.0
2018-07-19T20:00,3419.0
2018-07-19T21:00,2991.0
2018-07-19T22:00,2613.0
2018-07-19T23:00,2282.0
2018-07-20T00:00,1454.0
2018-07-20T01:00,693.0
2018-07-20T02:00,460.0
2018-07-20T03:00,360.0
2018-07-20T04:00,376.0
2018-07-20T05:00,873.0
2018-07-20T06:00,2822.0
2018-07-20T07:00,5266.0
2018-07-20T08:00,5821.0
2018-07-20T09:00,5339.0
2018-07-20T10:00,4816.0
2018-07-20T11:00,4592.0
2018-07-20T12:00,4823.0
2018-07-20T13:00,5253.0
2018-07-20T14:00,5169.0
2018-07-20T15:00,5413.0
2018-07-20T16:00,5602.0
2018-07-20T17:00,6086.0
2018-07-20T18:00,4987.0
2018-07-20T19:00,4465.0
2018-07-20T20:00,3574.0
2018-07-20T21:00,3124.0
2018-07-20T22:00,3121.0
2018-07-20T23:00,3032.0
2018-07-21T00:00,2030.0
2018-07-21T01:00,1235.0
2018-07-21T02:00,781.0
2018-07-21T03:00,648.0
2018-07-21T04:00,418.0
2018-07-21T05:00,478.0
2018-07-21T06:00,903.0
2018-07-21T07:00,1500.0
2018-07-21T08:00,2236.0
2018-07-21T09:00,3031.0
2018-07-21T10:00,3883.0
2018-07-21T11:00,4045.0
2018-07-21T12:00,4418.0
2018-07-21T13:00,4505.0
2018-07-21T14:00,4644.0
2018-07-21T15:00,4796.0
2018-07-21T16:00,4674.0
2018-07-21T17:00,4788.0
2018-07-21T18:00,4562.0
2018-07-21T19:00,4253.0
2018-07-21T20:00,3815.0
2018-07-21T21:00,3434.0
2018-07-21T22:00,3435.0
2018-07-21T23:00,3131.0
2018-07-22T00:00,2292.0
2018-07-22T01:00,1408.0
2018-07-22T02:00,969.0
2018-07-22T03:00,749.0
2018-07-22T04:00,344.0
2018-07-22T05:00,355.0
2018-07-22T06:00,525.0
2018-07-22T07:00,902.0
2018-07-22T08:00,1297.0
2018-07-22T09:00,2009.0
2018-07-22T10:00,2927.0
2018-07-22T11:00,3711.0
2018-07-22T12:00,4021.0
2018-07-22T13:00,4250.0
2018-07-22T14:00,4491.0
2018-07-22T15:00,4463.0
2018-07-22T16:00,4657.0
2018-07-22T17:00,4875.0
2018-07-22T18:00,4657.0
2018-07-22T19:00,4098.0
2018-07-22T20:00,3661.0
2018-07-22T21:00,3135.0
2018-07-22T22:00,2803.0
2018-07-22T23:00,2224.0
2018-07-23T00:00,1397.0
2018-07-23T01:00,714.0
2018-07-23T02:00,402.0
2018-07-23T03:00,354.0
2018-07-23T04:00,355.0
2018-07-23T05:00,957.0
2018-07-23T06:00,3008.0
2018-07-23T07:00,5617.0
2018-07-23T08:00,6306.0
2018-07-23T09:00,5522.0
2018-07-23T10:00,4735.0
2018-07-23T11:00,4209.0
2018-07-23T12:00,4485.0
2018-07-23T13:00,4800.0
2018-07-23T14:00,4475.0
2018-07-23T15:00,4677.0
2018-07-23T16:00,5413.0
2018-07-23T17:00,6317.0
2018-07-23T18:00,5701.0
2018-07-23T19:00,4293.0
2018-07-23T20:00,3143.0
2018-07-23T21:00,2833.0
2018-07-23T22:00,2492.0
2018-07-23T23:00,1690.0
2018-07-24T00:00,1182.0
2018-07-24T01:00,638.0
2018-07-24T02:00,391.0
2018-07-24T03:00,297.0
2018-07-24T04:00,390.0
2018-07-24T05:00,891.0
2018-07-24T06:00,3184.0
2018-07-24T07:00,5782.0
2018-07-24T08:00,6409.0
2018-07-24T09:00,5658.0
2018-07-24T10:00,4984.0
2018-07-24T11:00,4386.0
2018-07-24T12:00,4634.0
2018-07-24T13:00,4805.0
2018-07-24T14:00,4664.0
2018-07-24T15:00,4944.0
2018-07-24T16:00,5699.0
2018-07-24T17:00,6558.0
2018-07-24T18:00,5636.0
2018-07-24T19:00,4430.0
2018-07-24T20:00,3371.0
2018-07-24T21:00,3266.0
2018-07-24T22:00,2727.0
2018-07-24T23:00,2178.0
2018-07-25T00:00,1269.0
2018-07-25T01:00,664.0
2018-07-25T02:00,388.0
2018-07-25T03:00,290.0
2018-07-25T04:00,372.0
2018-07-25T05:00,955.0
2018-07-25T06:00,3121.0
2018-07-25T07:00,5926.0
2018-07-25T08:00,6595.0
2018-07-25T09:00,5651.0
2018-07-25T10:00,4974.0
2018-07-25T11:00,4545.0
2018-07-25T12:00,4879.0
2018-07-25T13:00,4799.0
2018-07-25T14:00,4860.0
2018-07-25T15:00,5032.0
2018-07-25T16:00,5826.0
2018-07-25T17:00,6668.0
2018-07-25T18:00,6108.0
2018-07-25T19:00,4459.0
2018-07-25T20:00,3473.0
2018-07-25T21:00,3053.0
2018-07-25T22:00,3072.0
2018-07-25T23:00,2422.0
2018-07-26T00:00,1922.0
2018-07-26T01:00,750.0
2018-07-26T02:00,411.0
2018-07-26T03:00,306.0
2018-07-26T04:00,409.0
2018-07-26T05:00,911.0
2018-07-26T06:00,3147.0
2018-07-26T07:00,5813.0
2018-07-26T08:00,6299.0
2018-07-26T09:00,5866.0
2018-07-26T10:00,4925.0
2018-07-26T11:00,4390.0
2018-07-26T12:00,4654.0
2018-07-26T13:00,4806.0
2018-07-26T14:00,5029.0
2018-07-26T15:00,5264.0
2018-07-26T16:00,5752.0
2018-07-26T17:00,6566.0
2018-07-26T18:00,5905.0
2018-07-26T19:00,4555.0
2018-07-26T20:00,3707.0
2018-07-26T21:00,3154.0
2018-07-26T22:00,3206.0
2018-07-26T23:00,2959.0
2018-07-27T00:00,1412.0
2018-07-27T01:00,774.0
2018-07-27T02:00,456.0
2018-07-27T03:00,344.0
2018-07-27T04:00,390.0
2018-07-27T05:00,836.0
2018-07-27T06:00,2945.0
2018-07-27T07:00,5353.0
2018-07-27T08:00,5950.0
2018-07-27T09:00,5232.0
2018-07-27T10:00,4674.0
2018-07-27T11:00,4571.0
2018-07-27T12:00,4813.0
2018-07-27T13:00,5121.0
2018-07-27T14:00,5228.0
2018-07-27T15:00,5400.0
2018-07-27T16:00,5795.0
2018-07-27T17:00,6254.0
2018-07-27T18:00,5160.0
2018-07-27T19:00,4303.0
2018-07-27T20:00,3506.0
2018-07-27T21:00,3184.0
2018-07-27T22:00,3191.0
2018-07-27T23:00,3112.0
2018-07-28T00:00,2048.0
2018-07-28T01:00,1225.0
2018-07-28T02:00,871.0
2018-07-28T03:00,581.0
2018-07-28T04:00,384.0
2018-07-28T05:00,451.0
2018-07-28T06:00,902.0
2018-07-28T07:00,1530.0
2018-07-28T08:00,1974.0
2018-07-28T09:00,2713.0
2018-07-28T10:00,3457.0
2018-07-28T11:00,3639.0
2018-07-28T12:00,4009.0
2018-07-28T13:00,4158.0
2018-07-28T14:00,4229.0
2018-07-28T15:00,4175.0
2018-07-28T16:00,3948.0
2018-07-28T17:00,3974.0
2018-07-28T18:00,4007.0
2018-07-28T19:00,3657.0
2018-07-28T20:00,3247.0
2018-07-28T21:00,2937.0
2018-07-28T22:00,3001.0
2018-07-28T23:00,3005.0
2018-07-29T00:00,1968.0
2018-07-29T01:00,1487.0
2018-07-29T02:00,924.0
2018-07-29T03:00,869.0
2018-07-29T04:00,546.0
2018-07-29T05:00,378.0
2018-07-29T06:00,657.0
2018-07-29T07:00,1210.0
2018-07-29T08:00,1286.0
2018-07-29T09:00,1866.0
2018-07-29T10:00,2855.0
2018-07-29T11:00,3500.0
2018-07-29T12:00,3824.0
2018-07-29T13:00,4016.0
2018-07-29T14:00,4489.0
2018-07-29T15:00,4435.0
2018-07-29T16:00,4412.0
2018-07-29T17:00,4485.0
2018-07-29T18:00,4146.0
2018-07-29T19:00,3947.0
2018-07-29T20:00,3604.0
2018-07-29T21:00,3344.0
2018-07-29T22:00,2794.0
2018-07-29T23:00,2084.0
2018-07-30T00:00,1224.0
2018-07-30T01:00,640.0
2018-07-30T02:00,384.0
2018-07-30T03:00,317.0
2018-07-30T04:00,333.0
2018-07-30T05:00,915.0
2018-07-30T06:00,3051.0
2018-07-30T07:00,5560.0
2018-07-30T08:00,6313.0
2018-07-30T09:00,5427.0
2018-07-30T10:00,4638.0
2018-07-30T11:00,4233.0
2018-07-30T12:00,4491.0
2018-07-30T13:00,4522.0
2018-07-30T14:00,4625.0
2018-07-30T15:00,4808.0
2018-07-30T16:00,5483.0
2018-07-30T17:00,5632.0
2018-07-30T18:00,5590.0
2018-07-30T19:00,4288.0
2018-07-30T20:00,3190.0
2018-07-30T21:00,2911.0
2018-07-30T22:00,2431.0
2018-07-30T23:00,1742.0
2018-07-31T00:00,1116.0
2018-07-31T01:00,625.0
2018-07-31T02:00,368.0
2018-07-31T03:00,299.0
2018-07-31T04:00,352.0
2018-07-31T05:00,819.0
2018-07-31T06:00,2764.0
2018-07-31T07:00,4240.0
2018-07-31T08:00,5655.0
2018-07-31T09:00,5960.0
2018-07-31T10:00,4925.0
2018-07-31T11:00,4455.0
2018-07-31T12:00,4727.0
2018-07-31T13:00,4998.0
2018-07-31T14:00,4875.0
2018-07-31T15:00,4922.0
2018-07-31T16:00,5722.0
2018-07-31T17:00,6357.0
2018-07-31T18:00,5912.0
2018-07-31T19:00,4740.0
2018-07-31T20:00,3288.0
2018-07-31T21:00,3076.0
2018-07-31T22:00,2686.0
2018-07-31T23:00,2152.0
2018-08-01T00:00,1263.0
2018-08-01T01:00,662.0
2018-08-01T02:00,398.0
2018-08-01T03:00,352.0
2018-08-01T04:00,409.0
2018-08-01T05:00,908.0
2018-08-01T06:00,3063.0
2018-08-01T07:00,5431.0
2018-08-01T08:00,5853.0
2018-08-01T09:00,5873.0
2018-08-01T10:00,5068.0
2018-08-01T11:00,4665.0
2018-08-01T12:00,4986.0
2018-08-01T13:00,5141.0
2018-08-01T14:00,4874.0
2018-08-01T15:00,5044.0
2018-08-01T16:00,5655.0
2018-08-01T17:00,6455.0
2018-08-01T18:00,5773.0
2018-08-01T19:00,4500.0
2018-08-01T20:00,3389.0
2018-08-01T21:00,2992.0
2018-08-01T22:00,2559.0
2018-08-01T23:00,2344.0
2018-08-02T00:00,1320.0
2018-08-02T01:00,709.0
2018-08-02T02:00,413.0
2018-08-02T03:00,324.0
2018-08-02T04:00,403.0
2018-08-02T05:00,887.0
2018-08-02T06:00,3091.0
2018-08-02T07:00,5589.0
2018-08-02T08:00,6435.0
2018-08-02T09:00,5736.0
2018-08-02T10:00,4976.0
2018-08-02T11:00,4388.0
2018-08-02T12:00,4652.0
2018-08-02T13:00,4977.0
2018-08-02T14:00,4931.0
2018-08-02T15:00,5104.0
2018-08-02T16:00,5707.0
2018-08-02T17:00,6303.0
2018-08-02T18:00,5783.0
2018-08-02T19:00,4569.0
2018-08-02T20:00,3570.0
2018-08-02T21:00,3103.0
2018-08-02T22:00,3023.0
2018-08-02T23:00,2303.0
2018-08-03T00:00,1379.0
2018-08-03T01:00,778.0
2018-08-03T02:00,435.0
2018-08-03T03:00,371.0
2018-08-03T04:00,398.0
2018-08-03T05:00,853.0
2018-08-03T06:00,2900.0
2018-08-03T07:00,5265.0
2018-08-03T08:00,5783.0
2018-08-03T09:00,5213.0
2018-08-03T10:00,4577.0
2018-08-03T11:00,4384.0
2018-08-03T12:00,4820.0
2018-08-03T13:00,5073.0
2018-08-03T14:00,5067.0
2018-08-03T15:00,5456.0
2018-08-03T16:00,5646.0
2018-08-03T17:00,5888.0
2018-08-03T18:00,5135.0
2018-08-03T19:00,4753.0
2018-08-03T20:00,3767.0
2018-08-03T21:00,3461.0
2018-08-03T22:00,2632.0
2018-08-03T23:00,2594.0
2018-08-04T00:00,1833.0
2018-08-04T01:00,1078.0
2018-08-04T02:00,668.0
2018-08-04T03:00,519.0
2018-08-04T04:00,362.0
2018-08-04T05:00,423.0
2018-08-04T06:00,850.0
2018-08-04T07:00,1427.0
2018-08-04T08:00,1817.0
2018-08-04T09:00,2559.0
2018-08-04T10:00,3477.0
2018-08-04T11:00,3962.0
2018-08-04T12:00,4236.0
2018-08-04T13:00,4263.0
2018-08-04T14:00,4552.0
2018-08-04T15:00,4379.0
2018-08-04T16:00,4493.0
2018-08-04T17:00,4300.0
2018-08-04T18:00,4602.0
2018-08-04T19:00,4087.0
2018-08-04T20:00,3237.0
2018-08-04T21:00,2962.0
2018-08-04T22:00,2938.0
2018-08-04T23:00,2573.0
2018-08-05T00:00,2015.0
2018-08-05T01:00,1323.0
2018-08-05T02:00,812.0
2018-08-05T03:00,689.0
2018-08-05T04:00,396.0
2018-08-05T05:00,356.0
2018-08-05T06:00,504.0
2018-08-05T07:00,962.0
2018-08-05T08:00,1210.0
2018-08-05T09:00,1903.0
2018-08-05T10:00,3030.0
2018-08-05T11:00,3735.0
2018-08-05T12:00,4072.0
2018-08-05T13:00,4454.0
2018-08-05T14:00,4507.0
2018-08-05T15:00,4396.0
2018-08-05T16:00,4595.0
2018-08-05T17:00,4875.0
2018-08-05T18:00,4555.0
2018-08-05T19:00,4229.0
2018-08-05T20:00,3684.0
2018-08-05T21:00,3316.0
2018-08-05T22:00,2735.0
2018-08-05T23:00,2109.0
2018-08-06T00:00,1560.0
2018-08-06T01:00,703.0
2018-08-06T02:00,421.0
2018-08-06T03:00,327.0
2018-08-06T04:00,375.0
2018-08-06T05:00,890.0
2018-08-06T06:00,3047.0
2018-08-06T07:00,5580.0
2018-08-06T08:00,6280.0
2018-08-06T09:00,5582.0
2018-08-06T10:00,4694.0
2018-08-06T11:00,4357.0
2018-08-06T12:00,4432.0
2018-08-06T13:00,4606.0
2018-08-06T14:00,4669.0
2018-08-06T15:00,4814.0
2018-08-06T16:00,5395.0
2018-08-06T17:00,6651.0
2018-08-06T18:00,5590.0
2018-08-06T19:00,4308.0
2018-08-06T20:00,3314.0
2018-08-06T21:00,2795.0
2018-08-06T22:00,2330.0
2018-08-06T23:00,1723.0
2018-08-07T00:00,1148.0
2018-08-07T01:00,606.0
2018-08-07T02:00,376.0
2018-08-07T03:00,288.0
2018-08-07T04:00,362.0
2018-08-07T05:00,912.0
2018-08-07T06:00,3153.0
2018-08-07T11:00,4416.0
2018-08-07T12:00,4515.0
2018-08-07T13:00,4940.0
2018-08-07T14:00,4726.0
2018-08-07T15:00,5040.0
2018-08-07T16:00,5555.0
2018-08-07T17:00,6471.0
2018-08-07T18:00,5656.0
2018-08-07T19:00,4121.0
2018-08-07T20:00,3272.0
2018-08-07T21:00,2888.0
2018-08-07T22:00,2532.0
2018-08-07T23:00,1771.0
2018-08-08T00:00,1168.0
2018-08-08T01:00,643.0
2018-08-08T02:00,393.0
2018-08-08T03:00,295.0
2018-08-08T04:00,374.0
2018-08-08T05:00,912.0
2018-08-08T06:00,3119.0
2018-08-08T11:00,4610.0
2018-08-08T12:00,4838.0
2018-08-08T13:00,5004.0
2018-08-08T14:00,4741.0
2018-08-08T15:00,5128.0
2018-08-08T16:00,5798.0
2018-08-08T17:00,6652.0
2018-08-08T18:00,6043.0
2018-08-08T19:00,4806.0
2018-08-08T20:00,3655.0
2018-08-08T21:00,3130.0
2018-08-08T22:00,3267.0
2018-08-08T23:00,2711.0
2018-08-09T00:00,1478.0
2018-08-09T01:00,801.0
2018-08-09T02:00,482.0
2018-08-09T03:00,336.0
2018-08-09T04:00,379.0
2018-08-09T05:00,936.0
2018-08-09T06:00,3022.0
2018-08-09T07:00,5423.0
2018-08-09T08:00,6313.0
2018-08-09T09:00,5908.0
2018-08-09T10:00,4788.0
2018-08-09T11:00,4517.0
2018-08-09T12:00,4675.0
2018-08-09T13:00,4927.0
2018-08-09T14:00,4990.0
2018-08-09T15:00,5155.0
2018-08-09T16:00,5654.0
2018-08-09T17:00,6532.0
2018-08-09T18:00,5871.0
2018-08-09T19:00,4426.0
2018-08-09T20:00,3530.0
2018-08-09T21:00,3290.0
2018-08-09T22:00,3176.0
2018-08-09T23:00,2420.0
2018-08-10T00:00,1406.0
2018-08-10T01:00,731.0
2018-08-10T02:00,471.0
2018-08-10T03:00,374.0
2018-08-10T04:00,404.0
2018-08-10T05:00,818.0
2018-08-10T06:00,2854.0
2018-08-10T07:00,5227.0
2018-08-10T08:00,5950.0
2018-08-10T09:00,5211.0
2018-08-10T10:00,4584.0
2018-08-10T11:00,4512.0
2018-08-10T12:00,4796.0
2018-08-10T13:00,4941.0
2018-08-10T14:00,5053.0
2018-08-10T15:00,5367.0
2018-08-10T16:00,5684.0
2018-08-10T17:00,5868.0
2018-08-10T18:00,5309.0
2018-08-10T19:00,4616.0
2018-08-10T20:00,3713.0
2018-08-10T21:00,3344.0
2018-08-10T22:00,3374.0
2018-08-10T23:00,3117.0
2018-08-11T00:00,2271.0
2018-08-11T01:00,1412.0
2018-08-11T02:00,831.0
2018-08-11T03:00,665.0
2018-08-11T04:00,423.0
2018-08-11T05:00,459.0
2018-08-11T06:00,876.0
2018-08-11T07:00,1560.0
2018-08-11T08:00,2004.0
2018-08-11T09:00,2806.0
2018-08-11T10:00,3514.0
2018-08-11T11:00,3971.0
2018-08-11T12:00,4198.0
2018-08-11T13:00,4310.0
2018-08-11T14:00,4262.0
2018-08-11T15:00,4280.0
2018-08-11T16:00,4188.0
2018-08-11T17:00,4305.0
2018-08-11T18:00,4134.0
2018-08-11T19:00,3920.0
2018-08-11T20:00,3567.0
2018-08-11T21:00,3362.0
2018-08-11T22:00,3378.0
2018-08-11T23:00,3167.0
2018-08-12T00:00,2511.0
2018-08-12T01:00,1406.0
2018-08-12T02:00,868.0
2018-08-12T03:00,678.0
2018-08-12T04:00,392.0
2018-08-12T05:00,365.0
2018-08-12T06:00,529.0
2018-08-12T07:00,984.0
2018-08-12T08:00,1196.0
2018-08-12T09:00,1850.0
2018-08-12T10:00,2713.0
2018-08-12T11:00,3534.0
2018-08-12T12:00,3856.0
2018-08-12T13:00,4037.0
2018-08-12T14:00,4522.0
2018-08-12T15:00,4468.0
2018-08-12T16:00,4351.0
2018-08-12T17:00,4466.0
2018-08-12T18:00,4313.0
2018-08-12T19:00,4012.0
2018-08-12T20:00,3658.0
2018-08-12T21:00,3151.0
2018-08-12T22:00,2708.0
2018-08-12T23:00,1930.0
2018-08-13T00:00,1282.0
2018-08-13T01:00,651.0
2018-08-13T02:00,434.0
2018-08-13T03:00,355.0
2018-08-13T04:00,348.0
2018-08-13T05:00,924.0
2018-08-13T06:00,3025.0
2018-08-13T07:00,5546.0
2018-08-13T08:00,6383.0
2018-08-13T09:00,5642.0
2018-08-13T10:00,4714.0
2018-08-13T11:00,4216.0
2018-08-13T12:00,4440.0
2018-08-13T13:00,4673.0
2018-08-13T14:00,4494.0
2018-08-13T15:00,4811.0
2018-08-13T16:00,5245.0
2018-08-13T17:00,6163.0
2018-08-13T18:00,5603.0
2018-08-13T19:00,4077.0
2018-08-13T20:00,3247.0
2018-08-13T21:00,2835.0
2018-08-13T22:00,2615.0
2018-08-13T23:00,1823.0
2018-08-14T00:00,1117.0
2018-08-14T01:00,571.0
2018-08-14T02:00,394.0
2018-08-14T03:00,284.0
2018-08-14T04:00,340.0
2018-08-14T05:00,940.0
2018-08-14T06:00,3184.0
2018-08-14T11:00,4478.0
2018-08-14T12:00,4741.0
2018-08-14T13:00,4996.0
2018-08-14T14:00,4832.0
2018-08-14T15:00,4985.0
2018-08-14T16:00,5672.0
2018-08-14T17:00,6373.0
2018-08-14T18:00,6014.0
2018-08-14T19:00,4525.0
2018-08-14T20:00,3423.0
2018-08-14T21:00,3046.0
2018-08-14T22:00,2784.0
2018-08-14T23:00,2287.0
2018-08-15T00:00,2772.0
2018-08-15T01:00,793.0
2018-08-15T02:00,492.0
2018-08-15T03:00,335.0
2018-08-15T04:00,403.0
2018-08-15T05:00,948.0
2018-08-15T06:00,3181.0
2018-08-15T07:00,5767.0
2018-08-15T08:00,6561.0
2018-08-15T09:00,5930.0
2018-08-15T10:00,4672.0
2018-08-15T11:00,4638.0
2018-08-15T12:00,4979.0
2018-08-15T13:00,5016.0
2018-08-15T14:00,4841.0
2018-08-15T15:00,4968.0
2018-08-15T16:00,5428.0
2018-08-15T17:00,5541.0
2018-08-15T18:00,5920.0
2018-08-15T19:00,4545.0
2018-08-15T20:00,3358.0
2018-08-15T21:00,3133.0
2018-08-15T22:00,2687.0
2018-08-15T23:00,1742.0
2018-08-16T00:00,1051.0
2018-08-16T01:00,652.0
2018-08-16T02:00,399.0
2018-08-16T03:00,300.0
2018-08-16T04:00,412.0
2018-08-16T05:00,977.0
2018-08-16T06:00,3150.0
2018-08-16T07:00,5386.0
2018-08-16T08:00,6494.0
2018-08-16T09:00,5847.0
2018-08-16T10:00,4976.0
2018-08-16T11:00,4466.0
2018-08-16T12:00,4574.0
2018-08-16T13:00,4961.0
2018-08-16T14:00,4785.0
2018-08-16T15:00,4927.0
2018-08-16T16:00,5729.0
2018-08-16T17:00,6272.0
2018-08-16T18:00,5928.0
2018-08-16T19:00,4580.0
2018-08-16T20:00,3725.0
2018-08-16T21:00,3205.0
2018-08-16T22:00,3090.0
2018-08-16T23:00,2377.0
2018-08-17T00:00,1380.0
2018-08-17T01:00,809.0
2018-08-17T02:00,449.0
2018-08-17T03:00,363.0
2018-08-17T04:00,408.0
2018-08-17T05:00,899.0
2018-08-17T06:00,2821.0
2018-08-17T07:00,5243.0
2018-08-17T08:00,5994.0
2018-08-17T09:00,5406.0
2018-08-17T10:00,4719.0
2018-08-17T11:00,4510.0
2018-08-17T12:00,4948.0
2018-08-17T13:00,5076.0
2018-08-17T14:00,5027.0
2018-08-17T15:00,5289.0
2018-08-17T16:00,5581.0
2018-08-17T17:00,5734.0
2018-08-17T18:00,5141.0
2018-08-17T19:00,4536.0
2018-08-17T20:00,3703.0
2018-08-17T21:00,3279.0
2018-08-17T22:00,3177.0
2018-08-17T23:00,2903.0
2018-08-18T00:00,2126.0
2018-08-18T01:00,1569.0
2018-08-18T02:00,806.0
2018-08-18T03:00,598.0
2018-08-18T04:00,448.0
2018-08-18T05:00,523.0
2018-08-18T06:00,940.0
2018-08-18T07:00,1648.0
2018-08-18T08:00,2229.0
2018-08-18T09:00,2987.0
2018-08-18T10:00,3922.0
2018-08-18T11:00,5146.0
2018-08-18T12:00,4916.0
2018-08-18T13:00,4448.0
2018-08-18T14:00,4438.0
2018-08-18T15:00,4710.0
2018-08-18T16:00,4893.0
2018-08-18T17:00,4897.0
2018-08-18T18:00,4664.0
2018-08-18T19:00,4157.0
2018-08-18T20:00,3619.0
2018-08-18T21:00,3543.0
2018-08-18T22:00,3442.0
2018-08-18T23:00,3128.0
2018-08-19T00:00,2044.0
2018-08-19T01:00,1346.0
2018-08-19T02:00,997.0
2018-08-19T03:00,726.0
2018-08-19T04:00,386.0
2018-08-19T05:00,388.0
2018-08-19T06:00,552.0
2018-08-19T07:00,994.0
2018-08-19T08:00,1277.0
2018-08-19T09:00,1971.0
2018-08-19T10:00,2895.0
2018-08-19T11:00,3766.0
2018-08-19T12:00,4384.0
2018-08-19T13:00,4624.0
2018-08-19T14:00,4596.0
2018-08-19T15:00,4742.0
2018-08-19T16:00,4779.0
2018-08-19T17:00,4989.0
2018-08-19T18:00,4870.0
2018-08-19T19:00,4287.0
2018-08-19T20:00,3792.0
2018-08-19T21:00,3213.0
2018-08-19T22:00,2682.0
2018-08-19T23:00,1973.0
2018-08-20T00:00,2369.0
2018-08-20T01:00,922.0
2018-08-20T02:00,473.0
2018-08-20T03:00,346.0
2018-08-20T04:00,369.0
2018-08-20T05:00,941.0
2018-08-20T06:00,3005.0
2018-08-20T07:00,5352.0
2018-08-20T08:00,6077.0
2018-08-20T09:00,5349.0
2018-08-20T10:00,4777.0
2018-08-20T11:00,4375.0
2018-08-20T12:00,4532.0
2018-08-20T13:00,4842.0
2018-08-20T14:00,4690.0
2018-08-20T15:00,5001.0
2018-08-20T16:00,5388.0
2018-08-20T17:00,6423.0
2018-08-20T18:00,5848.0
2018-08-20T19:00,4285.0
2018-08-20T20:00,3231.0
2018-08-20T21:00,2726.0
2018-08-20T22:00,2240.0
2018-08-20T23:00,1617.0
2018-08-21T00:00,1005.0
2018-08-21T01:00,659.0
2018-08-21T02:00,416.0
2018-08-21T03:00,316.0
2018-08-21T04:00,336.0
2018-08-21T05:00,996.0
2018-08-21T06:00,3136.0
2018-08-21T07:00,5701.0
2018-08-21T08:00,6837.0
2018-08-21T09:00,6123.0
2018-08-21T10:00,5053.0
2018-08-21T11:00,4540.0
2018-08-21T12:00,4652.0
2018-08-21T13:00,4794.0
2018-08-21T14:00,4762.0
2018-08-21T15:00,4994.0
2018-08-21T16:00,5660.0
2018-08-21T17:00,6229.0
2018-08-21T18:00,5875.0
2018-08-21T19:00,4435.0
2018-08-21T20:00,3410.0
2018-08-21T21:00,3003.0
2018-08-21T22:00,2504.0
2018-08-21T23:00,1747.0
2018-08-22T00:00,1117.0
2018-08-22T01:00,635.0
2018-08-22T02:00,425.0
2018-08-22T03:00,279.0
2018-08-22T04:00,393.0
2018-08-22T05:00,994.0
2018-08-22T06:00,3163.0
2018-08-22T07:00,5766.0
2018-08-22T08:00,6589.0
2018-08-22T09:00,6056.0
2018-08-22T10:00,5116.0
2018-08-22T11:00,4583.0
2018-08-22T12:00,4734.0
2018-08-22T13:00,5043.0
2018-08-22T14:00,4938.0
2018-08-22T15:00,5216.0
2018-08-22T16:00,5707.0
2018-08-22T17:00,6470.0
2018-08-22T18:00,5819.0
2018-08-22T19:00,4446.0
2018-08-22T20:00,3444.0
2018-08-22T21:00,3154.0
2018-08-22T22:00,2627.0
2018-08-22T23:00,1928.0
2018-08-23T00:00,1169.0
2018-08-23T01:00,596.0
2018-08-23T04:00,381.0
2018-08-23T05:00,976.0
2018-08-23T06:00,3163.0
2018-08-23T07:00,5860.0
2018-08-23T08:00,6815.0
2018-08-23T09:00,6162.0
2018-08-23T10:00,5583.0
2018-08-23T11:00,4837.0
2018-08-23T12:00,5015.0
2018-08-23T13:00,5136.0
2018-08-23T14:00,5051.0
2018-08-23T15:00,5312.0
2018-08-23T16:00,5848.0
2018-08-23T17:00,6586.0
2018-08-23T18:00,5780.0
2018-08-23T19:00,4750.0
2018-08-23T20:00,3519.0
2018-08-23T21:00,2996.0
2018-08-23T22:00,2717.0
2018-08-23T23:00,2107.0
2018-08-24T00:00,1904.0
2018-08-24T01:00,790.0
2018-08-24T04:00,424.0
2018-08-24T05:00,916.0
2018-08-24T06:00,2950.0
2018-08-24T07:00,5259.0
2018-08-24T08:00,6243.0
2018-08-24T09:00,5687.0
2018-08-24T10:00,4971.0
2018-08-24T11:00,4539.0
2018-08-24T12:00,4391.0
2018-08-24T13:00,4971.0
2018-08-24T14:00,5149.0
2018-08-24T15:00,5499.0
2018-08-24T16:00,5879.0
2018-08-24T17:00,6088.0
2018-08-24T18:00,5750.0
2018-08-24T19:00,4755.0
2018-08-24T20:00,3467.0
2018-08-24T21:00,3076.0
2018-08-24T22:00,3164.0
2018-08-24T23:00,2435.0
2018-08-25T00:00,1860.0
2018-08-25T01:00,1089.0
2018-08-25T02:00,725.0
2018-08-25T03:00,495.0
2018-08-25T04:00,366.0
2018-08-25T05:00,500.0
2018-08-25T06:00,875.0
2018-08-25T07:00,1837.0
2018-08-25T08:00,2672.0
2018-08-25T09:00,3503.0
2018-08-25T10:00,4100.0
2018-08-25T11:00,4509.0
2018-08-25T12:00,4647.0
2018-08-25T13:00,4846.0
2018-08-25T14:00,4585.0
2018-08-25T15:00,4696.0
2018-08-25T16:00,5015.0
2018-08-25T17:00,4677.0
2018-08-25T18:00,4541.0
2018-08-25T19:00,3914.0
2018-08-25T20:00,3371.0
2018-08-25T21:00,3071.0
2018-08-25T22:00,3156.0
2018-08-25T23:00,2713.0
2018-08-26T00:00,2134.0
2018-08-26T01:00,1375.0
2018-08-26T02:00,855.0
2018-08-26T03:00,614.0
2018-08-26T04:00,382.0
2018-08-26T05:00,325.0
2018-08-26T06:00,551.0
2018-08-26T07:00,1106.0
2018-08-26T08:00,1657.0
2018-08-26T09:00,2467.0
2018-08-26T10:00,3408.0
2018-08-26T11:00,4017.0
2018-08-26T12:00,4394.0
2018-08-26T13:00,4638.0
2018-08-26T14:00,4494.0
2018-08-26T15:00,4565.0
2018-08-26T16:00,4289.0
2018-08-26T17:00,4259.0
2018-08-26T18:00,3998.0
2018-08-26T19:00,3688.0
2018-08-26T20:00,3165.0
2018-08-26T21:00,2840.0
2018-08-26T22:00,2330.0
2018-08-26T23:00,1913.0
2018-08-27T00:00,1208.0
2018-08-27T01:00,666.0
2018-08-27T02:00,337.0
2018-08-27T03:00,292.0
2018-08-27T04:00,358.0
2018-08-27T05:00,933.0
2018-08-27T06:00,3129.0
2018-08-27T07:00,5575.0
2018-08-27T08:00,6493.0
2018-08-27T09:00,6125.0
2018-08-27T10:00,5094.0
2018-08-27T11:00,4672.0
2018-08-27T12:00,4775.0
2018-08-27T13:00,4880.0
2018-08-27T14:00,4890.0
2018-08-27T15:00,5048.0
2018-08-27T16:00,5661.0
2018-08-27T17:00,6535.0
2018-08-27T18:00,5298.0
2018-08-27T19:00,3629.0
2018-08-27T20:00,2922.0
2018-08-27T21:00,2536.0
2018-08-27T22:00,2139.0
2018-08-27T23:00,1503.0
2018-08-28T00:00,1014.0
2018-08-28T01:00,576.0
2018-08-28T02:00,364.0
2018-08-28T03:00,234.0
2018-08-28T04:00,367.0
2018-08-28T05:00,986.0
2018-08-28T06:00,3161.0
2018-08-28T07:00,5611.0
2018-08-28T08:00,6147.0
2018-08-28T09:00,5692.0
2018-08-28T10:00,5153.0
2018-08-28T11:00,4624.0
2018-08-28T12:00,4678.0
2018-08-28T13:00,4954.0
2018-08-28T14:00,5032.0
2018-08-28T15:00,5273.0
2018-08-28T16:00,5865.0
2018-08-28T17:00,6657.0
2018-08-28T18:00,5716.0
2018-08-28T19:00,4363.0
2018-08-28T20:00,3406.0
2018-08-28T21:00,2896.0
2018-08-28T22:00,2576.0
2018-08-28T23:00,1733.0
2018-08-29T00:00,1153.0
2018-08-29T01:00,623.0
2018-08-29T02:00,335.0
2018-08-29T03:00,299.0
2018-08-29T04:00,372.0
2018-08-29T05:00,981.0
2018-08-29T06:00,3103.0
2018-08-29T07:00,5902.0
2018-08-29T08:00,6775.0
2018-08-29T09:00,6164.0
2018-08-29T10:00,5421.0
2018-08-29T11:00,4871.0
2018-08-29T12:00,4969.0
2018-08-29T13:00,5134.0
2018-08-29T14:00,4999.0
2018-08-29T15:00,5349.0
2018-08-29T16:00,5814.0
2018-08-29T17:00,6578.0
2018-08-29T18:00,5860.0
2018-08-29T19:00,4554.0
2018-08-29T20:00,3487.0
2018-08-29T21:00,3205.0
2018-08-29T22:00,2800.0
2018-08-29T23:00,2106.0
2018-08-30T00:00,1272.0
2018-08-30T01:00,670.0
2018-08-30T04:00,388.0
2018-08-30T05:00,1008.0
2018-08-30T06:00,3070.0
2018-08-30T07:00,5886.0
2018-08-30T08:00,6466.0
2018-08-30T09:00,5995.0
2018-08-30T10:00,5467.0
2018-08-30T11:00,4911.0
2018-08-30T12:00,5095.0
2018-08-30T13:00,5308.0
2018-08-30T14:00,5213.0
2018-08-30T15:00,5680.0
2018-08-30T16:00,6238.0
2018-08-30T17:00,6453.0
2018-08-30T18:00,5775.0
2018-08-30T19:00,4531.0
2018-08-30T20:00,3884.0
2018-08-30T21:00,3332.0
2018-08-30T22:00,3049.0
2018-08-30T23:00,2221.0
2018-08-31T00:00,1396.0
2018-08-31T01:00,764.0
2018-08-31T02:00,456.0
2018-08-31T03:00,358.0
2018-08-31T04:00,378.0
2018-08-31T05:00,851.0
2018-08-31T06:00,2754.0
2018-08-31T07:00,5200.0
2018-08-31T08:00,6270.0
2018-08-31T09:00,5687.0
2018-08-31T10:00,5328.0
2018-08-31T11:00,5102.0
2018-08-31T12:00,5359.0
2018-08-31T13:00,5587.0
2018-08-31T14:00,5400.0
2018-08-31T15:00,5705.0
2018-08-31T16:00,5998.0
2018-08-31T17:00,5925.0
2018-08-31T18:00,5418.0
2018-08-31T19:00,4935.0
2018-08-31T20:00,3945.0
2018-08-31T21:00,3233.0
2018-08-31T22:00,2910.0
2018-08-31T23:00,2830.0
2018-09-01T00:00,2147.0
2018-09-01T01:00,1335.0
2018-09-01T02:00,785.0
2018-09-01T03:00,569.0
2018-09-01T04:00,425.0
2018-09-01T05:00,419.0
2018-09-01T06:00,741.0
2018-09-01T07:00,1529.0
2018-09-01T08:00,2477.0
2018-09-01T09:00,3476.0
2018-09-01T10:00,4212.0
2018-09-01T11:00,4578.0
2018-09-01T12:00,4897.0
2018-09-01T13:00,4854.0
2018-09-01T14:00,4972.0
2018-09-01T15:00,5056.0
2018-09-01T16:00,4719.0
2018-09-01T17:00,4649.0
2018-09-01T18:00,4622.0
2018-09-01T19:00,4261.0
2018-09-01T20:00,3518.0
2018-09-01T21:00,3196.0
2018-09-01T22:00,2880.0
2018-09-01T23:00,2815.0
2018-09-02T00:00,1945.0
2018-09-02T01:00,1273.0
2018-09-02T02:00,801.0
2018-09-02T03:00,565.0
2018-09-02T04:00,386.0
2018-09-02T05:00,316.0
2018-09-02T06:00,532.0
2018-09-02T07:00,1003.0
2018-09-02T08:00,1607.0
2018-09-02T09:00,2334.0
2018-09-02T10:00,2929.0
2018-09-02T11:00,3571.0
2018-09-02T12:00,4040.0
2018-09-02T13:00,4549.0
2018-09-02T14:00,4414.0
2018-09-02T15:00,4299.0
2018-09-02T16:00,4330.0
2018-09-02T17:00,4197.0
2018-09-02T18:00,3833.0
2018-09-02T19:00,3601.0
2018-09-02T20:00,3098.0
2018-09-02T21:00,3115.0
2018-09-02T22:00,2669.0
2018-09-02T23:00,2066.0
2018-09-03T00:00,1475.0
2018-09-03T01:00,962.0
2018-09-03T02:00,694.0
2018-09-03T03:00,421.0
2018-09-03T04:00,310.0
2018-09-03T05:00,325.0
2018-09-03T06:00,590.0
2018-09-03T07:00,1141.0
2018-09-03T08:00,1556.0
2018-09-03T09:00,1995.0
2018-09-03T10:00,2524.0
2018-09-03T11:00,3050.0
2018-09-03T12:00,3616.0
2018-09-03T13:00,3901.0
2018-09-03T14:00,4110.0
2018-09-03T15:00,4446.0
2018-09-03T16:00,4411.0
2018-09-03T17:00,4017.0
2018-09-03T18:00,3900.0
2018-09-03T19:00,3487.0
2018-09-03T20:00,3006.0
2018-09-03T21:00,2627.0
2018-09-03T22:00,2081.0
2018-09-03T23:00,1588.0
2018-09-04T00:00,1012.0
2018-09-04T01:00,528.0
2018-09-04T02:00,321.0
2018-09-04T03:00,254.0
2018-09-04T04:00,332.0
2018-09-04T05:00,901.0
2018-09-04T06:00,2863.0
2018-09-04T07:00,5280.0
2018-09-04T08:00,6379.0
2018-09-04T09:00,5856.0
2018-09-04T10:00,5242.0
2018-09-04T11:00,4403.0
2018-09-04T12:00,4477.0
2018-09-04T13:00,4583.0
2018-09-04T14:00,4652.0
2018-09-04T15:00,4785.0
2018-09-04T16:00,5436.0
2018-09-04T17:00,5667.0
2018-09-04T18:00,5494.0
2018-09-04T19:00,4383.0
2018-09-04T20:00,3017.0
2018-09-04T21:00,2385.0
2018-09-04T22:00,2105.0
2018-09-04T23:00,1351.0
2018-09-05T00:00,921.0
2018-09-05T01:00,522.0
2018-09-05T02:00,304.0
2018-09-05T03:00,254.0
2018-09-05T04:00,323.0
2018-09-05T05:00,882.0
2018-09-05T06:00,3013.0
2018-09-05T07:00,5633.0
2018-09-05T08:00,6668.0
2018-09-05T09:00,6327.0
2018-09-05T10:00,5237.0
2018-09-05T11:00,4599.0
2018-09-05T12:00,4635.0
2018-09-05T13:00,5001.0
2018-09-05T14:00,4781.0
2018-09-05T15:00,4816.0
2018-09-05T16:00,5661.0
2018-09-05T17:00,6555.0
2018-09-05T18:00,5938.0
2018-09-05T19:00,4426.0
2018-09-05T20:00,3414.0
2018-09-05T21:00,3130.0
2018-09-05T22:00,2532.0
2018-09-05T23:00,1629.0
2018-09-06T00:00,993.0
2018-09-06T01:00,570.0
2018-09-06T02:00,350.0
2018-09-06T03:00,281.0
2018-09-06T04:00,337.0
2018-09-06T05:00,909.0
2018-09-06T06:00,3036.0
2018-09-06T07:00,5868.0
2018-09-06T08:00,6526.0
2018-09-06T09:00,5996.0
2018-09-06T10:00,5328.0
2018-09-06T11:00,4579.0
2018-09-06T12:00,4727.0
2018-09-06T13:00,4765.0
2018-09-06T14:00,4853.0
2018-09-06T15:00,4947.0
2018-09-06T16:00,5786.0
2018-09-06T17:00,6396.0
2018-09-06T18:00,6008.0
2018-09-06T19:00,4373.0
2018-09-06T20:00,3382.0
2018-09-06T21:00,3223.0
2018-09-06T22:00,2712.0
2018-09-06T23:00,2096.0
2018-09-07T00:00,1248.0
2018-09-07T01:00,550.0
2018-09-07T02:00,417.0
2018-09-07T03:00,307.0
2018-09-07T04:00,338.0
2018-09-07T05:00,892.0
2018-09-07T06:00,2942.0
2018-09-07T07:00,5542.0
2018-09-07T08:00,6675.0
2018-09-07T09:00,5923.0
2018-09-07T10:00,5061.0
2018-09-07T11:00,4720.0
2018-09-07T12:00,4700.0
2018-09-07T13:00,5073.0
2018-09-07T14:00,4832.0
2018-09-07T15:00,5163.0
2018-09-07T16:00,4831.0
2018-09-07T17:00,6148.0
2018-09-07T18:00,5426.0
2018-09-07T19:00,4699.0
2018-09-07T20:00,3734.0
2018-09-07T21:00,3360.0
2018-09-07T22:00,2803.0
2018-09-07T23:00,2669.0
2018-09-08T00:00,1957.0
2018-09-08T01:00,1131.0
2018-09-08T02:00,690.0
2018-09-08T03:00,488.0
2018-09-08T04:00,393.0
2018-09-08T05:00,459.0
2018-09-08T06:00,830.0
2018-09-08T07:00,1504.0
2018-09-08T08:00,2063.0
2018-09-08T09:00,3043.0
2018-09-08T10:00,3588.0
2018-09-08T11:00,4039.0
2018-09-08T12:00,4249.0
2018-09-08T13:00,4690.0
2018-09-08T14:00,4550.0
2018-09-08T15:00,4612.0
2018-09-08T16:00,4756.0
2018-09-08T17:00,4848.0
2018-09-08T18:00,4125.0
2018-09-08T19:00,3745.0
2018-09-08T20:00,3399.0
2018-09-08T21:00,3245.0
2018-09-08T22:00,2814.0
2018-09-08T23:00,2478.0
2018-09-09T00:00,1916.0
2018-09-09T01:00,1286.0
2018-09-09T02:00,794.0
2018-09-09T03:00,620.0
2018-09-09T04:00,345.0
2018-09-09T05:00,353.0
2018-09-09T06:00,541.0
2018-09-09T07:00,1140.0
2018-09-09T08:00,1806.0
2018-09-09T09:00,2224.0
2018-09-09T10:00,3449.0
2018-09-09T11:00,4322.0
2018-09-09T12:00,4273.0
2018-09-09T13:00,3990.0
2018-09-09T14:00,3993.0
2018-09-09T15:00,3852.0
2018-09-09T16:00,3888.0
2018-09-09T17:00,4126.0
2018-09-09T18:00,3959.0
2018-09-09T19:00,3692.0
2018-09-09T20:00,3258.0
2018-09-09T21:00,2755.0
2018-09-09T22:00,2140.0
2018-09-09T23:00,1534.0
2018-09-10T00:00,996.0
2018-09-10T01:00,534.0
2018-09-10T02:00,303.0
2018-09-10T03:00,286.0
2018-09-10T04:00,329.0
2018-09-10T05:00,861.0
2018-09-10T06:00,2963.0
2018-09-10T07:00,5721.0
2018-09-10T08:00,6561.0
2018-09-10T09:00,6009.0
2018-09-10T10:00,5236.0
2018-09-10T11:00,4201.0
2018-09-10T12:00,4498.0
2018-09-10T13:00,4724.0
2018-09-10T14:00,4462.0
2018-09-10T15:00,5016.0
2018-09-10T16:00,5688.0
2018-09-10T17:00,6344.0
2018-09-10T18:00,5857.0
2018-09-10T19:00,4245.0
2018-09-10T20:00,3184.0
2018-09-10T21:00,2732.0
2018-09-10T22:00,2235.0
2018-09-10T23:00,1389.0
2018-09-11T00:00,887.0
2018-09-11T01:00,516.0
2018-09-11T02:00,330.0
2018-09-11T03:00,265.0
2018-09-11T04:00,332.0
2018-09-11T05:00,891.0
2018-09-11T06:00,3055.0
2018-09-11T07:00,5927.0
2018-09-11T08:00,6496.0
2018-09-11T09:00,6123.0
2018-09-11T10:00,5471.0
2018-09-11T11:00,4257.0
2018-09-11T12:00,5074.0
2018-09-11T13:00,4734.0
2018-09-11T14:00,4875.0
2018-09-11T15:00,4922.0
2018-09-11T16:00,5636.0
2018-09-11T17:00,6601.0
2018-09-11T18:00,5859.0
2018-09-11T19:00,4372.0
2018-09-11T20:00,3427.0
2018-09-11T21:00,3114.0
2018-09-11T22:00,2501.0
2018-09-11T23:00,1860.0
2018-09-12T00:00,2682.0
2018-09-12T01:00,750.0
2018-09-12T02:00,344.0
2018-09-12T03:00,314.0
2018-09-12T04:00,371.0
2018-09-12T05:00,937.0
2018-09-12T06:00,3085.0
2018-09-12T07:00,5908.0
2018-09-12T08:00,6677.0
2018-09-12T09:00,6297.0
2018-09-12T10:00,5551.0
2018-09-12T11:00,4499.0
2018-09-12T12:00,4598.0
2018-09-12T13:00,4759.0
2018-09-12T14:00,4733.0
2018-09-12T15:00,5056.0
2018-09-12T16:00,5739.0
2018-09-12T17:00,6450.0
2018-09-12T18:00,6245.0
2018-09-12T19:00,4668.0
2018-09-12T20:00,3510.0
2018-09-12T21:00,3064.0
2018-09-12T22:00,2705.0
2018-09-12T23:00,1813.0
2018-09-13T00:00,2842.0
2018-09-13T01:00,699.0
2018-09-13T02:00,413.0
2018-09-13T03:00,332.0
2018-09-13T04:00,383.0
2018-09-13T05:00,914.0
2018-09-13T06:00,3052.0
2018-09-13T07:00,5830.0
2018-09-13T08:00,6433.0
2018-09-13T09:00,6162.0
2018-09-13T10:00,5092.0
2018-09-13T11:00,4584.0
2018-09-13T12:00,4767.0
2018-09-13T13:00,4851.0
2018-09-13T14:00,4826.0
2018-09-13T15:00,5014.0
2018-09-13T16:00,5617.0
2018-09-13T17:00,6514.0
2018-09-13T18:00,5701.0
2018-09-13T19:00,4443.0
2018-09-13T20:00,3669.0
2018-09-13T21:00,3282.0
2018-09-13T22:00,2676.0
2018-09-13T23:00,1921.0
2018-09-14T00:00,1167.0
2018-09-14T01:00,603.0
2018-09-14T02:00,376.0
2018-09-14T03:00,333.0
2018-09-14T04:00,377.0
2018-09-14T05:00,892.0
2018-09-14T06:00,2899.0
2018-09-14T07:00,5569.0
2018-09-14T08:00,6728.0
2018-09-14T09:00,5934.0
2018-09-14T10:00,5025.0
2018-09-14T11:00,4566.0
2018-09-14T12:00,4836.0
2018-09-14T13:00,5019.0
2018-09-14T14:00,4830.0
2018-09-14T15:00,5231.0
2018-09-14T16:00,5953.0
2018-09-14T17:00,6196.0
2018-09-14T18:00,5358.0
2018-09-14T19:00,4687.0
2018-09-14T20:00,3880.0
2018-09-14T21:00,3329.0
2018-09-14T22:00,3169.0
2018-09-14T23:00,2810.0
2018-09-15T00:00,2024.0
2018-09-15T01:00,1179.0
2018-09-15T02:00,808.0
2018-09-15T03:00,584.0
2018-09-15T04:00,428.0
2018-09-15T05:00,502.0
2018-09-15T06:00,871.0
2018-09-15T07:00,1469.0
2018-09-15T08:00,2117.0
2018-09-15T09:00,3442.0
2018-09-15T10:00,3999.0
2018-09-15T11:00,4448.0
2018-09-15T12:00,4772.0
2018-09-15T13:00,4990.0
2018-09-15T14:00,4848.0
2018-09-15T15:00,4343.0
2018-09-15T16:00,4296.0
2018-09-15T17:00,4219.0
2018-09-15T18:00,3953.0
2018-09-15T19:00,3826.0
2018-09-15T20:00,3455.0
2018-09-15T21:00,3208.0
2018-09-15T22:00,3055.0
2018-09-15T23:00,2741.0
2018-09-16T00:00,2123.0
2018-09-16T01:00,1353.0
2018-09-16T02:00,786.0
2018-09-16T03:00,607.0
2018-09-16T04:00,401.0
2018-09-16T05:00,313.0
2018-09-16T06:00,467.0
2018-09-16T07:00,850.0
2018-09-16T08:00,1302.0
2018-09-16T09:00,2090.0
2018-09-16T10:00,3039.0
2018-09-16T11:00,3278.0
2018-09-16T12:00,4352.0
2018-09-16T13:00,3978.0
2018-09-16T14:00,3935.0
2018-09-16T15:00,3829.0
2018-09-16T16:00,4101.0
2018-09-16T17:00,4539.0
2018-09-16T18:00,4154.0
2018-09-16T19:00,3701.0
2018-09-16T20:00,3400.0
2018-09-16T21:00,3092.0
2018-09-16T22:00,2623.0
2018-09-16T23:00,1725.0
2018-09-17T00:00,1088.0
2018-09-17T01:00,550.0
2018-09-17T02:00,280.0
2018-09-17T03:00,260.0
2018-09-17T04:00,344.0
2018-09-17T05:00,880.0
2018-09-17T06:00,2965.0
2018-09-17T07:00,5667.0
2018-09-17T08:00,6533.0
2018-09-17T09:00,6070.0
2018-09-17T10:00,5145.0
2018-09-17T11:00,4201.0
2018-09-17T12:00,4371.0
2018-09-17T13:00,4533.0
2018-09-17T14:00,4680.0
2018-09-17T15:00,4930.0
2018-09-17T16:00,5327.0
2018-09-17T17:00,6354.0
2018-09-17T18:00,5412.0
2018-09-17T19:00,4000.0
2018-09-17T20:00,2897.0
2018-09-17T21:00,2466.0
2018-09-17T22:00,2090.0
2018-09-17T23:00,1434.0
2018-09-18T00:00,869.0
2018-09-18T01:00,536.0
2018-09-18T02:00,351.0
2018-09-18T03:00,227.0
2018-09-18T04:00,340.0
2018-09-18T05:00,858.0
2018-09-18T06:00,3027.0
2018-09-18T07:00,5642.0
2018-09-18T08:00,6516.0
2018-09-18T09:00,5873.0
2018-09-18T10:00,5123.0
2018-09-18T11:00,4527.0
2018-09-18T12:00,4593.0
2018-09-18T13:00,4725.0
2018-09-18T14:00,4737.0
2018-09-18T15:00,4931.0
2018-09-18T16:00,5623.0
2018-09-18T17:00,6623.0
2018-09-18T18:00,5916.0
2018-09-18T19:00,4423.0
2018-09-18T20:00,3309.0
2018-09-18T21:00,2805.0
2018-09-18T22:00,2400.0
2018-09-18T23:00,2631.0
2018-09-19T00:00,1501.0
2018-09-19T01:00,617.0
2018-09-19T02:00,401.0
2018-09-19T03:00,282.0
2018-09-19T04:00,358.0
2018-09-19T05:00,913.0
2018-09-19T06:00,3074.0
2018-09-19T07:00,5803.0
2018-09-19T08:00,6510.0
2018-09-19T09:00,6101.0
2018-09-19T10:00,5331.0
2018-09-19T11:00,4266.0
2018-09-19T12:00,4567.0
2018-09-19T13:00,4734.0
2018-09-19T14:00,4675.0
2018-09-19T15:00,4980.0
2018-09-19T16:00,5718.0
2018-09-19T17:00,6382.0
2018-09-19T18:00,5647.0
2018-09-19T19:00,4469.0
2018-09-19T20:00,3460.0
2018-09-19T21:00,2865.0
2018-09-19T22:00,2576.0
2018-09-19T23:00,1693.0
2018-09-20T00:00,994.0
2018-09-20T01:00,583.0
2018-09-20T02:00,349.0
2018-09-20T03:00,265.0
2018-09-20T04:00,344.0
2018-09-20T05:00,914.0
2018-09-20T06:00,2924.0
2018-09-20T07:00,5417.0
2018-09-20T08:00,5766.0
2018-09-20T09:00,5331.0
2018-09-20T10:00,5264.0
2018-09-20T11:00,4326.0
2018-09-20T12:00,4592.0
2018-09-20T13:00,4695.0
2018-09-20T14:00,4459.0
2018-09-20T15:00,4517.0
2018-09-20T16:00,5257.0
2018-09-20T17:00,6331.0
2018-09-20T18:00,5065.0
2018-09-20T19:00,3898.0
2018-09-20T20:00,2957.0
2018-09-20T21:00,2740.0
2018-09-20T22:00,3497.0
2018-09-20T23:00,2356.0
2018-09-21T00:00,1633.0
2018-09-21T01:00,698.0
2018-09-21T02:00,407.0
2018-09-21T03:00,304.0
2018-09-21T04:00,377.0
2018-09-21T05:00,867.0
2018-09-21T06:00,2919.0
2018-09-21T07:00,5457.0
2018-09-21T08:00,6539.0
2018-09-21T09:00,5653.0
2018-09-21T10:00,4981.0
2018-09-21T11:00,4548.0
2018-09-21T12:00,4937.0
2018-09-21T13:00,5039.0
2018-09-21T14:00,4901.0
2018-09-21T15:00,5185.0
2018-09-21T16:00,5973.0
2018-09-21T17:00,6007.0
2018-09-21T18:00,5489.0
2018-09-21T19:00,4607.0
2018-09-21T20:00,3958.0
2018-09-21T21:00,3255.0
2018-09-21T22:00,2931.0
2018-09-21T23:00,2570.0
2018-09-22T00:00,2179.0
2018-09-22T01:00,1516.0
2018-09-22T02:00,1273.0
2018-09-22T03:00,1207.0
2018-09-22T04:00,611.0
2018-09-22T05:00,647.0
2018-09-22T06:00,960.0
2018-09-22T07:00,1635.0
2018-09-22T08:00,2445.0
2018-09-22T09:00,3415.0
2018-09-22T10:00,3770.0
2018-09-22T11:00,4308.0
2018-09-22T12:00,4638.0
2018-09-22T13:00,4831.0
2018-09-22T14:00,4565.0
2018-09-22T15:00,4654.0
2018-09-22T16:00,4589.0
2018-09-22T17:00,4582.0
2018-09-22T18:00,4847.0
2018-09-22T19:00,4620.0
2018-09-22T20:00,4347.0
2018-09-22T21:00,3602.0
2018-09-22T22:00,2985.0
2018-09-22T23:00,2480.0
2018-09-23T00:00,1871.0
2018-09-23T01:00,1249.0
2018-09-23T02:00,690.0
2018-09-23T03:00,565.0
2018-09-23T04:00,319.0
2018-09-23T05:00,339.0
2018-09-23T06:00,514.0
2018-09-23T07:00,910.0
2018-09-23T08:00,1402.0
2018-09-23T09:00,2203.0
2018-09-23T10:00,3562.0
2018-09-23T11:00,4594.0
2018-09-23T12:00,4252.0
2018-09-23T13:00,3945.0
2018-09-23T14:00,4107.0
2018-09-23T15:00,4091.0
2018-09-23T16:00,4195.0
2018-09-23T17:00,4413.0
2018-09-23T18:00,4117.0
2018-09-23T19:00,3997.0
2018-09-23T20:00,3516.0
2018-09-23T21:00,2846.0
2018-09-23T22:00,2346.0
2018-09-23T23:00,1635.0
2018-09-24T00:00,934.0
2018-09-24T01:00,509.0
2018-09-24T02:00,344.0
2018-09-24T03:00,219.0
2018-09-24T04:00,328.0
2018-09-24T05:00,888.0
2018-09-24T06:00,2954.0
2018-09-24T07:00,5747.0
2018-09-24T08:00,6591.0
2018-09-24T09:00,5900.0
2018-09-24T10:00,4936.0
2018-09-24T11:00,4351.0
2018-09-24T12:00,4468.0
2018-09-24T13:00,4531.0
2018-09-24T14:00,4433.0
2018-09-24T15:00,4816.0
2018-09-24T16:00,5443.0
2018-09-24T17:00,6307.0
2018-09-24T18:00,5562.0
2018-09-24T19:00,4167.0
2018-09-24T20:00,3253.0
2018-09-24T21:00,2559.0
2018-09-24T22:00,2084.0
2018-09-24T23:00,1392.0
2018-09-25T00:00,826.0
2018-09-25T01:00,527.0
2018-09-25T02:00,302.0
2018-09-25T03:00,234.0
2018-09-25T04:00,366.0
2018-09-25T05:00,880.0
2018-09-25T06:00,3063.0
2018-09-25T07:00,5833.0
2018-09-25T08:00,6568.0
2018-09-25T09:00,6080.0
2018-09-25T10:00,5083.0
2018-09-25T11:00,4385.0
2018-09-25T12:00,4458.0
2018-09-25T13:00,4580.0
2018-09-25T14:00,4716.0
2018-09-25T15:00,4973.0
2018-09-25T16:00,5748.0
2018-09-25T17:00,6597.0
2018-09-25T18:00,5734.0
2018-09-25T19:00,4320.0
2018-09-25T20:00,3058.0
2018-09-25T21:00,2765.0
2018-09-25T22:00,2282.0
2018-09-25T23:00,1571.0
2018-09-26T00:00,924.0
2018-09-26T01:00,543.0
2018-09-26T02:00,358.0
2018-09-26T03:00,227.0
2018-09-26T04:00,358.0
2018-09-26T05:00,890.0
2018-09-26T06:00,3052.0
2018-09-26T07:00,5930.0
2018-09-26T08:00,6193.0
2018-09-26T09:00,6032.0
2018-09-26T10:00,5320.0
2018-09-26T11:00,4523.0
2018-09-26T12:00,4721.0
2018-09-26T13:00,4793.0
2018-09-26T14:00,4624.0
2018-09-26T15:00,4928.0
2018-09-26T16:00,5693.0
2018-09-26T17:00,6334.0
2018-09-26T18:00,5954.0
2018-09-26T19:00,4661.0
2018-09-26T20:00,3639.0
2018-09-26T21:00,3197.0
2018-09-26T22:00,3475.0
2018-09-26T23:00,1973.0
2018-09-27T00:00,1209.0
2018-09-27T01:00,654.0
2018-09-27T02:00,421.0
2018-09-27T03:00,312.0
2018-09-27T04:00,373.0
2018-09-27T05:00,919.0
2018-09-27T06:00,3002.0
2018-09-27T07:00,5685.0
2018-09-27T08:00,6589.0
2018-09-27T09:00,5946.0
2018-09-27T10:00,5181.0
2018-09-27T11:00,4500.0
2018-09-27T12:00,4670.0
2018-09-27T13:00,4849.0
2018-09-27T14:00,4787.0
2018-09-27T15:00,4943.0
2018-09-27T16:00,5892.0
2018-09-27T17:00,6451.0
2018-09-27T18:00,5968.0
2018-09-27T19:00,4498.0
2018-09-27T20:00,3419.0
2018-09-27T21:00,2856.0
2018-09-27T22:00,2649.0
2018-09-27T23:00,2003.0
2018-09-28T00:00,1278.0
2018-09-28T01:00,699.0
2018-09-28T02:00,461.0
2018-09-28T03:00,301.0
2018-09-28T04:00,367.0
2018-09-28T05:00,870.0
2018-09-28T06:00,2751.0
2018-09-28T07:00,5521.0
2018-09-28T08:00,6401.0
2018-09-28T09:00,5798.0
2018-09-28T10:00,4791.0
2018-09-28T11:00,4574.0
2018-09-28T12:00,4863.0
2018-09-28T13:00,5066.0
2018-09-28T14:00,4898.0
2018-09-28T15:00,5193.0
2018-09-28T16:00,5838.0
2018-09-28T17:00,6188.0
2018-09-28T18:00,5695.0
2018-09-28T19:00,5104.0
2018-09-28T20:00,4286.0
2018-09-28T21:00,3538.0
2018-09-28T22:00,3058.0
2018-09-28T23:00,2713.0
2018-09-29T00:00,3544.0
2018-09-29T01:00,1733.0
2018-09-29T02:00,867.0
2018-09-29T03:00,524.0
2018-09-29T04:00,359.0
2018-09-29T05:00,425.0
2018-09-29T06:00,743.0
2018-09-29T07:00,1359.0
2018-09-29T08:00,2036.0
2018-09-29T09:00,3073.0
2018-09-29T10:00,3725.0
2018-09-29T11:00,4059.0
2018-09-29T12:00,4378.0
2018-09-29T13:00,4657.0
2018-09-29T14:00,4553.0
2018-09-29T15:00,4618.0
2018-09-29T16:00,4564.0
2018-09-29T17:00,4735.0
2018-09-29T18:00,4878.0
2018-09-29T19:00,4569.0
2018-09-29T20:00,3818.0
2018-09-29T21:00,3338.0
2018-09-29T22:00,2950.0
2018-09-29T23:00,2607.0
2018-09-30T00:00,3856.0
2018-09-30T01:00,1826.0
2018-09-30T02:00,920.0
2018-09-30T03:00,696.0
2018-09-30T04:00,364.0
2018-09-30T05:00,335.0
2018-09-30T06:00,444.0
2018-09-30T07:00,802.0
2018-09-30T08:00,1175.0
2018-09-30T09:00,2002.0
2018-09-30T10:00,2882.0
2018-09-30T11:00,3701.0
2018-09-30T12:00,4049.0
2018-09-30T13:00,4429.0
2018-09-30T14:00,4547.0
2018-09-30T15:00,4380.0
2018-09-30T16:00,4302.0
2018-09-30T17:00,4283.0
2018-09-30T18:00,4132.0
2018-09-30T19:00,3947.0
2018-09-30T20:00,3543.0
2018-09-30T21:00,2781.0
2018-09-30T22:00,2159.0
2018-09-30T23:00,1450.0
