date,borough,hour,count
2024-01-01,Bronx,0,3
2024-01-01,Bronx,1,5
2024-01-01,Bronx,2,3
2024-01-01,Bronx,11,1
2024-01-01,Bronx,13,1
2024-01-01,Bronx,14,1
2024-01-01,Bronx,15,1
2024-01-01,Bronx,21,1
2024-01-01,Brooklyn,0,27
2024-01-01,Brooklyn,1,25
2024-01-01,Brooklyn,2,26
2024-01-01,Brooklyn,3,17
2024-01-01,Brooklyn,4,8
2024-01-01,Brooklyn,5,9
2024-01-01,Brooklyn,6,5
2024-01-01,Brooklyn,7,4
2024-01-01,Brooklyn,9,4
2024-01-01,Brooklyn,10,4
2024-01-01,Brooklyn,11,9
2024-01-01,Brooklyn,12,5
2024-01-01,Brooklyn,13,4
2024-01-01,Brooklyn,14,8
2024-01-01,Brooklyn,15,7
2024-01-01,Brooklyn,16,10
2024-01-01,Brooklyn,17,9
2024-01-01,Brooklyn,18,10
2024-01-01,Brooklyn,19,9
2024-01-01,Brooklyn,20,7
2024-01-01,Brooklyn,21,6
2024-01-01,Brooklyn,22,10
2024-01-01,Brooklyn,23,3
2024-01-01,Manhattan,0,35
2024-01-01,Manhattan,1,35
2024-01-01,Manhattan,2,20
2024-01-01,Manhattan,3,8
2024-01-01,Manhattan,4,5
2024-01-01,Manhattan,5,5
2024-01-01,Manhattan,6,3
2024-01-01,Manhattan,7,17
2024-01-01,Manhattan,8,10
2024-01-01,Manhattan,9,10
2024-01-01,Manhattan,10,15
2024-01-01,Manhattan,11,27
2024-01-01,Manhattan,12,28
2024-01-01,Manhattan,13,46
2024-01-01,Manhattan,14,41
2024-01-01,Manhattan,15,54
2024-01-01,Manhattan,16,51
2024-01-01,Manhattan,17,45
2024-01-01,Manhattan,18,31
2024-01-01,Manhattan,19,23
2024-01-01,Manhattan,20,38
2024-01-01,Manhattan,21,34
2024-01-01,Manhattan,22,15
2024-01-01,Manhattan,23,14
2024-01-01,Queens,0,23
2024-01-01,Queens,1,31
2024-01-01,Queens,2,28
2024-01-01,Queens,3,13
2024-01-01,Queens,4,12
2024-01-01,Queens,5,14
2024-01-01,Queens,6,9
2024-01-01,Queens,7,9
2024-01-01,Queens,8,7
2024-01-01,Queens,9,7
2024-01-01,Queens,10,4
2024-01-01,Queens,11,8
2024-01-01,Queens,12,11
2024-01-01,Queens,13,13
2024-01-01,Queens,14,10
2024-01-01,Queens,15,25
2024-01-01,Queens,16,22
2024-01-01,Queens,17,16
2024-01-01,Queens,18,14
2024-01-01,Queens,19,15
2024-01-01,Queens,20,8
2024-01-01,Queens,21,9
2024-01-01,Queens,22,12
2024-01-01,Queens,23,12
2024-01-01,Unknown,1,1
2024-01-01,Unknown,8,1
2024-01-01,Unknown,14,2
2024-01-01,Unknown,15,1
2024-01-02,Bronx,1,3
2024-01-02,Bronx,4,1
2024-01-02,Bronx,5,1
2024-01-02,Bronx,7,2
2024-01-02,Bronx,8,2
2024-01-02,Bronx,9,11
2024-01-02,Bronx,11,2
2024-01-02,Bronx,12,8
2024-01-02,Bronx,13,4
2024-01-02,Bronx,14,3
2024-01-02,Bronx,15,1
2024-01-02,Bronx,16,1
2024-01-02,Bronx,19,2
2024-01-02,Bronx,20,1
2024-01-02,Brooklyn,0,2
2024-01-02,Brooklyn,1,2
2024-01-02,Brooklyn,3,1
2024-01-02,Brooklyn,4,2
2024-01-02,Brooklyn,5,1
2024-01-02,Brooklyn,6,2
2024-01-02,Brooklyn,7,2
2024-01-02,Brooklyn,8,10
2024-01-02,Brooklyn,9,15
2024-01-02,Brooklyn,10,14
2024-01-02,Brooklyn,11,13
2024-01-02,Brooklyn,12,21
2024-01-02,Brooklyn,13,22
2024-01-02,Brooklyn,14,14
2024-01-02,Brooklyn,15,20
2024-01-02,Brooklyn,16,19
2024-01-02,Brooklyn,17,18
2024-01-02,Brooklyn,18,17
2024-01-02,Brooklyn,19,15
2024-01-02,Brooklyn,20,14
2024-01-02,Brooklyn,21,9
2024-01-02,Brooklyn,22,2
2024-01-02,Brooklyn,23,4
2024-01-02,Manhattan,0,3
2024-01-02,Manhattan,1,4
2024-01-02,Manhattan,2,2
2024-01-02,Manhattan,3,1
2024-01-02,Manhattan,4,2
2024-01-02,Manhattan,5,5
2024-01-02,Manhattan,6,19
2024-01-02,Manhattan,7,55
2024-01-02,Manhattan,8,78
2024-01-02,Manhattan,9,53
2024-01-02,Manhattan,10,70
2024-01-02,Manhattan,11,67
2024-01-02,Manhattan,12,63
2024-01-02,Manhattan,13,50
2024-01-02,Manhattan,14,74
2024-01-02,Manhattan,15,76
2024-01-02,Manhattan,16,76
2024-01-02,Manhattan,17,70
2024-01-02,Manhattan,18,55
2024-01-02,Manhattan,19,44
2024-01-02,Manhattan,20,38
2024-01-02,Manhattan,21,21
2024-01-02,Manhattan,22,9
2024-01-02,Manhattan,23,9
2024-01-02,Queens,0,11
2024-01-02,Queens,1,4
2024-01-02,Queens,2,9
2024-01-02,Queens,3,3
2024-01-02,Queens,4,6
2024-01-02,Queens,5,1
2024-01-02,Queens,6,7
2024-01-02,Queens,7,20
2024-01-02,Queens,8,19
2024-01-02,Queens,9,19
2024-01-02,Queens,10,20
2024-01-02,Queens,11,27
2024-01-02,Queens,12,29
2024-01-02,Queens,13,25
2024-01-02,Queens,14,25
2024-01-02,Queens,15,26
2024-01-02,Queens,16,29
2024-01-02,Queens,17,46
2024-01-02,Queens,18,29
2024-01-02,Queens,19,30
2024-01-02,Queens,20,21
2024-01-02,Queens,21,11
2024-01-02,Queens,22,13
2024-01-02,Queens,23,10
2024-01-02,Unknown,0,1
2024-01-02,Unknown,9,1
2024-01-02,Unknown,10,1
2024-01-03,Bronx,5,1
2024-01-03,Bronx,8,4
2024-01-03,Bronx,9,3
2024-01-03,Bronx,10,2
2024-01-03,Bronx,11,4
2024-01-03,Bronx,12,4
2024-01-03,Bronx,13,2
2024-01-03,Bronx,14,4
2024-01-03,Bronx,15,5
2024-01-03,Bronx,17,1
2024-01-03,Bronx,19,2
2024-01-03,Bronx,23,1
2024-01-03,Brooklyn,0,4
2024-01-03,Brooklyn,2,1
2024-01-03,Brooklyn,4,1
2024-01-03,Brooklyn,5,1
2024-01-03,Brooklyn,6,5
2024-01-03,Brooklyn,7,7
2024-01-03,Brooklyn,8,12
2024-01-03,Brooklyn,9,17
2024-01-03,Brooklyn,10,13
2024-01-03,Brooklyn,11,9
2024-01-03,Brooklyn,12,16
2024-01-03,Brooklyn,13,13
2024-01-03,Brooklyn,14,15
2024-01-03,Brooklyn,15,14
2024-01-03,Brooklyn,16,16
2024-01-03,Brooklyn,17,15
2024-01-03,Brooklyn,18,18
2024-01-03,Brooklyn,19,13
2024-01-03,Brooklyn,20,13
2024-01-03,Brooklyn,21,13
2024-01-03,Brooklyn,22,7
2024-01-03,Brooklyn,23,7
2024-01-03,EWR,10,1
2024-01-03,Manhattan,0,5
2024-01-03,Manhattan,1,6
2024-01-03,Manhattan,2,3
2024-01-03,Manhattan,3,1
2024-01-03,Manhattan,4,2
2024-01-03,Manhattan,5,5
2024-01-03,Manhattan,6,15
2024-01-03,Manhattan,7,62
2024-01-03,Manhattan,8,64
2024-01-03,Manhattan,9,84
2024-01-03,Manhattan,10,77
2024-01-03,Manhattan,11,63
2024-01-03,Manhattan,12,65
2024-01-03,Manhattan,13,62
2024-01-03,Manhattan,14,68
2024-01-03,Manhattan,15,89
2024-01-03,Manhattan,16,77
2024-01-03,Manhattan,17,95
2024-01-03,Manhattan,18,76
2024-01-03,Manhattan,19,50
2024-01-03,Manhattan,20,39
2024-01-03,Manhattan,21,25
2024-01-03,Manhattan,22,18
2024-01-03,Manhattan,23,9
2024-01-03,Queens,0,9
2024-01-03,Queens,1,2
2024-01-03,Queens,2,2
2024-01-03,Queens,3,2
2024-01-03,Queens,4,1
2024-01-03,Queens,5,2
2024-01-03,Queens,6,7
2024-01-03,Queens,7,19
2024-01-03,Queens,8,25
2024-01-03,Queens,9,14
2024-01-03,Queens,10,23
2024-01-03,Queens,11,20
2024-01-03,Queens,12,22
2024-01-03,Queens,13,25
2024-01-03,Queens,14,34
2024-01-03,Queens,15,37
2024-01-03,Queens,16,43
2024-01-03,Queens,17,32
2024-01-03,Queens,18,56
2024-01-03,Queens,19,31
2024-01-03,Queens,20,19
2024-01-03,Queens,21,13
2024-01-03,Queens,22,16
2024-01-03,Queens,23,9
2024-01-03,Staten Island,3,1
2024-01-03,Unknown,14,1
2024-01-03,Unknown,20,1
2024-01-04,Bronx,0,1
2024-01-04,Bronx,2,1
2024-01-04,Bronx,5,1
2024-01-04,Bronx,6,1
2024-01-04,Bronx,8,1
2024-01-04,Bronx,9,2
2024-01-04,Bronx,10,1
2024-01-04,Bronx,11,6
2024-01-04,Bronx,12,3
2024-01-04,Bronx,13,5
2024-01-04,Bronx,14,3
2024-01-04,Bronx,15,5
2024-01-04,Bronx,16,1
2024-01-04,Bronx,17,1
2024-01-04,Bronx,18,1
2024-01-04,Bronx,19,2
2024-01-04,Bronx,20,1
2024-01-04,Bronx,21,1
2024-01-04,Bronx,23,2
2024-01-04,Brooklyn,0,2
2024-01-04,Brooklyn,2,2
2024-01-04,Brooklyn,3,2
2024-01-04,Brooklyn,4,1
2024-01-04,Brooklyn,5,3
2024-01-04,Brooklyn,6,2
2024-01-04,Brooklyn,7,7
2024-01-04,Brooklyn,8,6
2024-01-04,Brooklyn,9,16
2024-01-04,Brooklyn,10,7
2024-01-04,Brooklyn,11,13
2024-01-04,Brooklyn,12,13
2024-01-04,Brooklyn,13,10
2024-01-04,Brooklyn,14,14
2024-01-04,Brooklyn,15,18
2024-01-04,Brooklyn,16,20
2024-01-04,Brooklyn,17,17
2024-01-04,Brooklyn,18,20
2024-01-04,Brooklyn,19,20
2024-01-04,Brooklyn,20,21
2024-01-04,Brooklyn,21,13
2024-01-04,Brooklyn,22,9
2024-01-04,Brooklyn,23,5
2024-01-04,Manhattan,0,8
2024-01-04,Manhattan,1,3
2024-01-04,Manhattan,2,2
2024-01-04,Manhattan,3,2
2024-01-04,Manhattan,4,1
2024-01-04,Manhattan,5,2
2024-01-04,Manhattan,6,18
2024-01-04,Manhattan,7,64
2024-01-04,Manhattan,8,75
2024-01-04,Manhattan,9,75
2024-01-04,Manhattan,10,90
2024-01-04,Manhattan,11,60
2024-01-04,Manhattan,12,54
2024-01-04,Manhattan,13,72
2024-01-04,Manhattan,14,68
2024-01-04,Manhattan,15,98
2024-01-04,Manhattan,16,113
2024-01-04,Manhattan,17,133
2024-01-04,Manhattan,18,113
2024-01-04,Manhattan,19,73
2024-01-04,Manhattan,20,58
2024-01-04,Manhattan,21,40
2024-01-04,Manhattan,22,32
2024-01-04,Manhattan,23,24
2024-01-04,Queens,0,12
2024-01-04,Queens,1,3
2024-01-04,Queens,2,3
2024-01-04,Queens,3,2
2024-01-04,Queens,4,2
2024-01-04,Queens,5,3
2024-01-04,Queens,6,4
2024-01-04,Queens,7,18
2024-01-04,Queens,8,18
2024-01-04,Queens,9,20
2024-01-04,Queens,10,19
2024-01-04,Queens,11,26
2024-01-04,Queens,12,25
2024-01-04,Queens,13,35
2024-01-04,Queens,14,33
2024-01-04,Queens,15,36
2024-01-04,Queens,16,34
2024-01-04,Queens,17,53
2024-01-04,Queens,18,57
2024-01-04,Queens,19,31
2024-01-04,Queens,20,40
2024-01-04,Queens,21,30
2024-01-04,Queens,22,20
2024-01-04,Queens,23,18
2024-01-04,Unknown,19,1
2024-01-05,Bronx,1,1
2024-01-05,Bronx,4,1
2024-01-05,Bronx,5,1
2024-01-05,Bronx,7,1
2024-01-05,Bronx,8,1
2024-01-05,Bronx,9,5
2024-01-05,Bronx,10,1
2024-01-05,Bronx,11,3
2024-01-05,Bronx,12,1
2024-01-05,Bronx,13,7
2024-01-05,Bronx,14,3
2024-01-05,Bronx,15,2
2024-01-05,Bronx,16,2
2024-01-05,Bronx,17,1
2024-01-05,Bronx,18,2
2024-01-05,Bronx,21,1
2024-01-05,Bronx,22,2
2024-01-05,Brooklyn,0,5
2024-01-05,Brooklyn,1,3
2024-01-05,Brooklyn,2,1
2024-01-05,Brooklyn,3,1
2024-01-05,Brooklyn,4,2
2024-01-05,Brooklyn,6,2
2024-01-05,Brooklyn,7,5
2024-01-05,Brooklyn,8,11
2024-01-05,Brooklyn,9,8
2024-01-05,Brooklyn,10,13
2024-01-05,Brooklyn,11,8
2024-01-05,Brooklyn,12,12
2024-01-05,Brooklyn,13,14
2024-01-05,Brooklyn,14,15
2024-01-05,Brooklyn,15,11
2024-01-05,Brooklyn,16,22
2024-01-05,Brooklyn,17,21
2024-01-05,Brooklyn,18,16
2024-01-05,Brooklyn,19,22
2024-01-05,Brooklyn,20,26
2024-01-05,Brooklyn,21,8
2024-01-05,Brooklyn,22,10
2024-01-05,Brooklyn,23,13
2024-01-05,Manhattan,0,15
2024-01-05,Manhattan,1,4
2024-01-05,Manhattan,2,4
2024-01-05,Manhattan,4,3
2024-01-05,Manhattan,5,7
2024-01-05,Manhattan,6,30
2024-01-05,Manhattan,7,63
2024-01-05,Manhattan,8,84
2024-01-05,Manhattan,9,89
2024-01-05,Manhattan,10,85
2024-01-05,Manhattan,11,85
2024-01-05,Manhattan,12,61
2024-01-05,Manhattan,13,82
2024-01-05,Manhattan,14,84
2024-01-05,Manhattan,15,103
2024-01-05,Manhattan,16,104
2024-01-05,Manhattan,17,103
2024-01-05,Manhattan,18,95
2024-01-05,Manhattan,19,67
2024-01-05,Manhattan,20,56
2024-01-05,Manhattan,21,49
2024-01-05,Manhattan,22,31
2024-01-05,Manhattan,23,28
2024-01-05,Queens,0,11
2024-01-05,Queens,1,5
2024-01-05,Queens,2,3
2024-01-05,Queens,3,3
2024-01-05,Queens,4,3
2024-01-05,Queens,5,2
2024-01-05,Queens,6,5
2024-01-05,Queens,7,14
2024-01-05,Queens,8,15
2024-01-05,Queens,9,22
2024-01-05,Queens,10,18
2024-01-05,Queens,11,30
2024-01-05,Queens,12,25
2024-01-05,Queens,13,35
2024-01-05,Queens,14,34
2024-01-05,Queens,15,46
2024-01-05,Queens,16,33
2024-01-05,Queens,17,42
2024-01-05,Queens,18,35
2024-01-05,Queens,19,43
2024-01-05,Queens,20,32
2024-01-05,Queens,21,15
2024-01-05,Queens,22,14
2024-01-05,Queens,23,15
2024-01-05,Unknown,7,1
2024-01-05,Unknown,10,1
2024-01-05,Unknown,20,1
2024-01-06,Bronx,4,1
2024-01-06,Bronx,8,2
2024-01-06,Bronx,10,3
2024-01-06,Bronx,11,5
2024-01-06,Bronx,12,2
2024-01-06,Bronx,13,3
2024-01-06,Bronx,14,1
2024-01-06,Bronx,15,2
2024-01-06,Bronx,16,1
2024-01-06,Bronx,17,1
2024-01-06,Bronx,18,1
2024-01-06,Bronx,19,1
2024-01-06,Bronx,20,2
2024-01-06,Bronx,23,2
2024-01-06,Brooklyn,0,6
2024-01-06,Brooklyn,1,15
2024-01-06,Brooklyn,2,10
2024-01-06,Brooklyn,3,10
2024-01-06,Brooklyn,4,4
2024-01-06,Brooklyn,5,1
2024-01-06,Brooklyn,6,1
2024-01-06,Brooklyn,7,2
2024-01-06,Brooklyn,8,8
2024-01-06,Brooklyn,9,6
2024-01-06,Brooklyn,10,13
2024-01-06,Brooklyn,11,9
2024-01-06,Brooklyn,12,17
2024-01-06,Brooklyn,13,17
2024-01-06,Brooklyn,14,16
2024-01-06,Brooklyn,15,18
2024-01-06,Brooklyn,16,25
2024-01-06,Brooklyn,17,16
2024-01-06,Brooklyn,18,15
2024-01-06,Brooklyn,19,16
2024-01-06,Brooklyn,20,13
2024-01-06,Brooklyn,21,14
2024-01-06,Brooklyn,22,9
2024-01-06,Brooklyn,23,5
2024-01-06,Manhattan,0,12
2024-01-06,Manhattan,1,10
2024-01-06,Manhattan,2,3
2024-01-06,Manhattan,3,1
2024-01-06,Manhattan,4,6
2024-01-06,Manhattan,5,3
2024-01-06,Manhattan,6,3
2024-01-06,Manhattan,7,20
2024-01-06,Manhattan,8,31
2024-01-06,Manhattan,9,41
2024-01-06,Manhattan,10,51
2024-01-06,Manhattan,11,59
2024-01-06,Manhattan,12,49
2024-01-06,Manhattan,13,60
2024-01-06,Manhattan,14,75
2024-01-06,Manhattan,15,87
2024-01-06,Manhattan,16,64
2024-01-06,Manhattan,17,75
2024-01-06,Manhattan,18,51
2024-01-06,Manhattan,19,47
2024-01-06,Manhattan,20,31
2024-01-06,Manhattan,21,32
2024-01-06,Manhattan,22,18
2024-01-06,Manhattan,23,26
2024-01-06,Queens,0,23
2024-01-06,Queens,1,20
2024-01-06,Queens,2,19
2024-01-06,Queens,3,7
2024-01-06,Queens,4,4
2024-01-06,Queens,5,6
2024-01-06,Queens,6,6
2024-01-06,Queens,7,7
2024-01-06,Queens,8,11
2024-01-06,Queens,9,16
2024-01-06,Queens,10,17
2024-01-06,Queens,11,17
2024-01-06,Queens,12,25
2024-01-06,Queens,13,21
2024-01-06,Queens,14,23
2024-01-06,Queens,15,31
2024-01-06,Queens,16,39
2024-01-06,Queens,17,38
2024-01-06,Queens,18,27
2024-01-06,Queens,19,27
2024-01-06,Queens,20,21
2024-01-06,Queens,21,18
2024-01-06,Queens,22,24
2024-01-06,Queens,23,28
2024-01-06,Unknown,0,1
2024-01-06,Unknown,6,1
2024-01-06,Unknown,10,1
2024-01-06,Unknown,15,1
2024-01-06,Unknown,19,1
2024-01-07,Bronx,0,1
2024-01-07,Bronx,4,1
2024-01-07,Bronx,8,2
2024-01-07,Bronx,11,1
2024-01-07,Bronx,13,1
2024-01-07,Bronx,21,1
2024-01-07,Brooklyn,0,6
2024-01-07,Brooklyn,1,8
2024-01-07,Brooklyn,2,7
2024-01-07,Brooklyn,3,5
2024-01-07,Brooklyn,4,3
2024-01-07,Brooklyn,6,1
2024-01-07,Brooklyn,7,1
2024-01-07,Brooklyn,9,2
2024-01-07,Brooklyn,10,4
2024-01-07,Brooklyn,11,15
2024-01-07,Brooklyn,12,6
2024-01-07,Brooklyn,13,15
2024-01-07,Brooklyn,14,17
2024-01-07,Brooklyn,15,15
2024-01-07,Brooklyn,16,18
2024-01-07,Brooklyn,17,28
2024-01-07,Brooklyn,18,19
2024-01-07,Brooklyn,19,14
2024-01-07,Brooklyn,20,11
2024-01-07,Brooklyn,21,10
2024-01-07,Brooklyn,22,9
2024-01-07,Manhattan,0,18
2024-01-07,Manhattan,1,3
2024-01-07,Manhattan,2,2
2024-01-07,Manhattan,3,4
2024-01-07,Manhattan,4,3
2024-01-07,Manhattan,5,1
2024-01-07,Manhattan,6,11
2024-01-07,Manhattan,7,15
2024-01-07,Manhattan,8,13
2024-01-07,Manhattan,9,22
2024-01-07,Manhattan,10,21
2024-01-07,Manhattan,11,26
2024-01-07,Manhattan,12,17
2024-01-07,Manhattan,13,43
2024-01-07,Manhattan,14,37
2024-01-07,Manhattan,15,49
2024-01-07,Manhattan,16,42
2024-01-07,Manhattan,17,33
2024-01-07,Manhattan,18,43
2024-01-07,Manhattan,19,43
2024-01-07,Manhattan,20,37
2024-01-07,Manhattan,21,14
2024-01-07,Manhattan,22,10
2024-01-07,Manhattan,23,10
2024-01-07,Queens,0,40
2024-01-07,Queens,1,32
2024-01-07,Queens,2,18
2024-01-07,Queens,3,10
2024-01-07,Queens,4,10
2024-01-07,Queens,5,5
2024-01-07,Queens,6,6
2024-01-07,Queens,7,2
2024-01-07,Queens,8,8
2024-01-07,Queens,9,14
2024-01-07,Queens,10,14
2024-01-07,Queens,11,11
2024-01-07,Queens,12,14
2024-01-07,Queens,13,14
2024-01-07,Queens,14,18
2024-01-07,Queens,15,21
2024-01-07,Queens,16,19
2024-01-07,Queens,17,21
2024-01-07,Queens,18,30
2024-01-07,Queens,19,21
2024-01-07,Queens,20,19
2024-01-07,Queens,21,14
2024-01-07,Queens,22,16
2024-01-07,Queens,23,10
2024-01-07,Unknown,2,1
2024-01-07,Unknown,9,1
2024-01-07,Unknown,17,1
2024-01-07,Unknown,22,1
2024-01-08,Bronx,0,1
2024-01-08,Bronx,1,3
2024-01-08,Bronx,3,1
2024-01-08,Bronx,5,2
2024-01-08,Bronx,6,2
2024-01-08,Bronx,8,2
2024-01-08,Bronx,9,3
2024-01-08,Bronx,10,4
2024-01-08,Bronx,11,3
2024-01-08,Bronx,12,3
2024-01-08,Bronx,13,4
2024-01-08,Bronx,14,1
2024-01-08,Bronx,15,2
2024-01-08,Bronx,16,1
2024-01-08,Bronx,17,3
2024-01-08,Bronx,18,1
2024-01-08,Bronx,20,1
2024-01-08,Bronx,23,2
2024-01-08,Brooklyn,0,3
2024-01-08,Brooklyn,1,1
2024-01-08,Brooklyn,2,1
2024-01-08,Brooklyn,3,1
2024-01-08,Brooklyn,4,1
2024-01-08,Brooklyn,5,2
2024-01-08,Brooklyn,6,1
2024-01-08,Brooklyn,7,4
2024-01-08,Brooklyn,8,11
2024-01-08,Brooklyn,9,12
2024-01-08,Brooklyn,10,16
2024-01-08,Brooklyn,11,15
2024-01-08,Brooklyn,12,14
2024-01-08,Brooklyn,13,18
2024-01-08,Brooklyn,14,14
2024-01-08,Brooklyn,15,16
2024-01-08,Brooklyn,16,12
2024-01-08,Brooklyn,17,16
2024-01-08,Brooklyn,18,17
2024-01-08,Brooklyn,19,14
2024-01-08,Brooklyn,20,10
2024-01-08,Brooklyn,21,6
2024-01-08,Brooklyn,22,8
2024-01-08,Brooklyn,23,5
2024-01-08,Manhattan,0,10
2024-01-08,Manhattan,1,3
2024-01-08,Manhattan,3,1
2024-01-08,Manhattan,4,2
2024-01-08,Manhattan,5,5
2024-01-08,Manhattan,6,33
2024-01-08,Manhattan,7,80
2024-01-08,Manhattan,8,80
2024-01-08,Manhattan,9,71
2024-01-08,Manhattan,10,79
2024-01-08,Manhattan,11,62
2024-01-08,Manhattan,12,73
2024-01-08,Manhattan,13,60
2024-01-08,Manhattan,14,75
2024-01-08,Manhattan,15,98
2024-01-08,Manhattan,16,96
2024-01-08,Manhattan,17,116
2024-01-08,Manhattan,18,113
2024-01-08,Manhattan,19,60
2024-01-08,Manhattan,20,45
2024-01-08,Manhattan,21,31
2024-01-08,Manhattan,22,16
2024-01-08,Manhattan,23,18
2024-01-08,Queens,0,10
2024-01-08,Queens,1,1
2024-01-08,Queens,2,3
2024-01-08,Queens,3,4
2024-01-08,Queens,4,5
2024-01-08,Queens,5,3
2024-01-08,Queens,6,4
2024-01-08,Queens,7,14
2024-01-08,Queens,8,23
2024-01-08,Queens,9,24
2024-01-08,Queens,10,36
2024-01-08,Queens,11,40
2024-01-08,Queens,12,22
2024-01-08,Queens,13,25
2024-01-08,Queens,14,26
2024-01-08,Queens,15,20
2024-01-08,Queens,16,33
2024-01-08,Queens,17,35
2024-01-08,Queens,18,44
2024-01-08,Queens,19,29
2024-01-08,Queens,20,26
2024-01-08,Queens,21,11
2024-01-08,Queens,22,15
2024-01-08,Queens,23,13
2024-01-08,Unknown,12,2
2024-01-09,Bronx,1,1
2024-01-09,Bronx,4,2
2024-01-09,Bronx,5,1
2024-01-09,Bronx,6,1
2024-01-09,Bronx,7,1
2024-01-09,Bronx,8,1
2024-01-09,Bronx,9,5
2024-01-09,Bronx,10,2
2024-01-09,Bronx,11,2
2024-01-09,Bronx,12,1
2024-01-09,Bronx,13,4
2024-01-09,Bronx,14,2
2024-01-09,Bronx,16,2
2024-01-09,Bronx,17,1
2024-01-09,Bronx,19,1
2024-01-09,Bronx,22,1
2024-01-09,Brooklyn,0,4
2024-01-09,Brooklyn,1,4
2024-01-09,Brooklyn,2,4
2024-01-09,Brooklyn,5,2
2024-01-09,Brooklyn,6,1
2024-01-09,Brooklyn,7,5
2024-01-09,Brooklyn,8,8
2024-01-09,Brooklyn,9,17
2024-01-09,Brooklyn,10,21
2024-01-09,Brooklyn,11,23
2024-01-09,Brooklyn,12,10
2024-01-09,Brooklyn,13,19
2024-01-09,Brooklyn,14,18
2024-01-09,Brooklyn,15,23
2024-01-09,Brooklyn,16,20
2024-01-09,Brooklyn,17,17
2024-01-09,Brooklyn,18,23
2024-01-09,Brooklyn,19,15
2024-01-09,Brooklyn,20,7
2024-01-09,Brooklyn,21,7
2024-01-09,Brooklyn,22,8
2024-01-09,Brooklyn,23,3
2024-01-09,Manhattan,0,5
2024-01-09,Manhattan,1,5
2024-01-09,Manhattan,3,1
2024-01-09,Manhattan,5,4
2024-01-09,Manhattan,6,28
2024-01-09,Manhattan,7,74
2024-01-09,Manhattan,8,90
2024-01-09,Manhattan,9,84
2024-01-09,Manhattan,10,80
2024-01-09,Manhattan,11,67
2024-01-09,Manhattan,12,68
2024-01-09,Manhattan,13,58
2024-01-09,Manhattan,14,77
2024-01-09,Manhattan,15,101
2024-01-09,Manhattan,16,93
2024-01-09,Manhattan,17,95
2024-01-09,Manhattan,18,90
2024-01-09,Manhattan,19,75
2024-01-09,Manhattan,20,44
2024-01-09,Manhattan,21,39
2024-01-09,Manhattan,22,19
2024-01-09,Manhattan,23,13
2024-01-09,Queens,0,6
2024-01-09,Queens,1,1
2024-01-09,Queens,2,4
2024-01-09,Queens,3,1
2024-01-09,Queens,5,1
2024-01-09,Queens,6,8
2024-01-09,Queens,7,27
2024-01-09,Queens,8,27
2024-01-09,Queens,9,18
2024-01-09,Queens,10,17
2024-01-09,Queens,11,36
2024-01-09,Queens,12,17
2024-01-09,Queens,13,24
2024-01-09,Queens,14,29
2024-01-09,Queens,15,38
2024-01-09,Queens,16,50
2024-01-09,Queens,17,61
2024-01-09,Queens,18,65
2024-01-09,Queens,19,50
2024-01-09,Queens,20,27
2024-01-09,Queens,21,23
2024-01-09,Queens,22,20
2024-01-09,Queens,23,11
2024-01-09,Unknown,15,2
2024-01-09,Unknown,18,1
2024-01-10,Bronx,0,1
2024-01-10,Bronx,5,1
2024-01-10,Bronx,6,2
2024-01-10,Bronx,7,2
2024-01-10,Bronx,8,1
2024-01-10,Bronx,9,3
2024-01-10,Bronx,10,2
2024-01-10,Bronx,11,6
2024-01-10,Bronx,12,3
2024-01-10,Bronx,13,4
2024-01-10,Bronx,14,2
2024-01-10,Bronx,15,2
2024-01-10,Bronx,16,1
2024-01-10,Bronx,17,1
2024-01-10,Bronx,18,2
2024-01-10,Bronx,20,1
2024-01-10,Bronx,22,1
2024-01-10,Brooklyn,0,4
2024-01-10,Brooklyn,2,1
2024-01-10,Brooklyn,6,2
2024-01-10,Brooklyn,7,4
2024-01-10,Brooklyn,8,12
2024-01-10,Brooklyn,9,22
2024-01-10,Brooklyn,10,13
2024-01-10,Brooklyn,11,16
2024-01-10,Brooklyn,12,12
2024-01-10,Brooklyn,13,12
2024-01-10,Brooklyn,14,21
2024-01-10,Brooklyn,15,18
2024-01-10,Brooklyn,16,24
2024-01-10,Brooklyn,17,18
2024-01-10,Brooklyn,18,18
2024-01-10,Brooklyn,19,13
2024-01-10,Brooklyn,20,19
2024-01-10,Brooklyn,21,13
2024-01-10,Brooklyn,22,10
2024-01-10,Brooklyn,23,7
2024-01-10,Manhattan,0,7
2024-01-10,Manhattan,1,4
2024-01-10,Manhattan,2,2
2024-01-10,Manhattan,3,2
2024-01-10,Manhattan,4,3
2024-01-10,Manhattan,5,5
2024-01-10,Manhattan,6,28
2024-01-10,Manhattan,7,71
2024-01-10,Manhattan,8,82
2024-01-10,Manhattan,9,65
2024-01-10,Manhattan,10,82
2024-01-10,Manhattan,11,67
2024-01-10,Manhattan,12,69
2024-01-10,Manhattan,13,70
2024-01-10,Manhattan,14,79
2024-01-10,Manhattan,15,101
2024-01-10,Manhattan,16,109
2024-01-10,Manhattan,17,127
2024-01-10,Manhattan,18,90
2024-01-10,Manhattan,19,70
2024-01-10,Manhattan,20,43
2024-01-10,Manhattan,21,29
2024-01-10,Manhattan,22,16
2024-01-10,Manhattan,23,22
2024-01-10,Queens,0,7
2024-01-10,Queens,1,6
2024-01-10,Queens,2,3
2024-01-10,Queens,3,1
2024-01-10,Queens,4,3
2024-01-10,Queens,5,1
2024-01-10,Queens,6,4
2024-01-10,Queens,7,17
2024-01-10,Queens,8,33
2024-01-10,Queens,9,26
2024-01-10,Queens,10,15
2024-01-10,Queens,11,20
2024-01-10,Queens,12,18
2024-01-10,Queens,13,34
2024-01-10,Queens,14,32
2024-01-10,Queens,15,29
2024-01-10,Queens,16,42
2024-01-10,Queens,17,34
2024-01-10,Queens,18,39
2024-01-10,Queens,19,34
2024-01-10,Queens,20,20
2024-01-10,Queens,21,21
2024-01-10,Queens,22,19
2024-01-10,Queens,23,16
2024-01-10,Unknown,0,1
2024-01-10,Unknown,1,1
2024-01-10,Unknown,4,1
2024-01-10,Unknown,15,1
2024-01-11,Bronx,0,1
2024-01-11,Bronx,3,1
2024-01-11,Bronx,5,3
2024-01-11,Bronx,7,1
2024-01-11,Bronx,8,2
2024-01-11,Bronx,9,4
2024-01-11,Bronx,10,3
2024-01-11,Bronx,11,2
2024-01-11,Bronx,12,2
2024-01-11,Bronx,13,2
2024-01-11,Bronx,14,1
2024-01-11,Bronx,15,2
2024-01-11,Bronx,16,2
2024-01-11,Bronx,17,3
2024-01-11,Bronx,18,1
2024-01-11,Bronx,22,1
2024-01-11,Bronx,23,1
2024-01-11,Brooklyn,0,5
2024-01-11,Brooklyn,4,2
2024-01-11,Brooklyn,5,1
2024-01-11,Brooklyn,6,2
2024-01-11,Brooklyn,7,1
2024-01-11,Brooklyn,8,5
2024-01-11,Brooklyn,9,15
2024-01-11,Brooklyn,10,15
2024-01-11,Brooklyn,11,15
2024-01-11,Brooklyn,12,18
2024-01-11,Brooklyn,13,6
2024-01-11,Brooklyn,14,18
2024-01-11,Brooklyn,15,18
2024-01-11,Brooklyn,16,19
2024-01-11,Brooklyn,17,19
2024-01-11,Brooklyn,18,23
2024-01-11,Brooklyn,19,20
2024-01-11,Brooklyn,20,22
2024-01-11,Brooklyn,21,16
2024-01-11,Brooklyn,22,13
2024-01-11,Brooklyn,23,6
2024-01-11,Manhattan,0,4
2024-01-11,Manhattan,1,5
2024-01-11,Manhattan,4,3
2024-01-11,Manhattan,5,4
2024-01-11,Manhattan,6,27
2024-01-11,Manhattan,7,69
2024-01-11,Manhattan,8,83
2024-01-11,Manhattan,9,91
2024-01-11,Manhattan,10,78
2024-01-11,Manhattan,11,82
2024-01-11,Manhattan,12,81
2024-01-11,Manhattan,13,79
2024-01-11,Manhattan,14,90
2024-01-11,Manhattan,15,92
2024-01-11,Manhattan,16,101
2024-01-11,Manhattan,17,109
2024-01-11,Manhattan,18,89
2024-01-11,Manhattan,19,74
2024-01-11,Manhattan,20,48
2024-01-11,Manhattan,21,26
2024-01-11,Manhattan,22,28
2024-01-11,Manhattan,23,11
2024-01-11,Queens,0,8
2024-01-11,Queens,1,4
2024-01-11,Queens,2,5
2024-01-11,Queens,3,2
2024-01-11,Queens,5,3
2024-01-11,Queens,6,4
2024-01-11,Queens,7,11
2024-01-11,Queens,8,13
2024-01-11,Queens,9,25
2024-01-11,Queens,10,23
2024-01-11,Queens,11,24
2024-01-11,Queens,12,18
2024-01-11,Queens,13,30
2024-01-11,Queens,14,37
2024-01-11,Queens,15,43
2024-01-11,Queens,16,46
2024-01-11,Queens,17,45
2024-01-11,Queens,18,45
2024-01-11,Queens,19,41
2024-01-11,Queens,20,21
2024-01-11,Queens,21,26
2024-01-11,Queens,22,26
2024-01-11,Queens,23,22
2024-01-11,Unknown,1,2
2024-01-11,Unknown,7,1
2024-01-11,Unknown,12,1
2024-01-11,Unknown,17,2
2024-01-11,Unknown,19,1
2024-01-11,Unknown,20,1
2024-01-12,Bronx,0,1
2024-01-12,Bronx,3,1
2024-01-12,Bronx,4,2
2024-01-12,Bronx,8,1
2024-01-12,Bronx,9,6
2024-01-12,Bronx,10,3
2024-01-12,Bronx,11,2
2024-01-12,Bronx,13,2
2024-01-12,Bronx,14,1
2024-01-12,Bronx,15,2
2024-01-12,Bronx,16,3
2024-01-12,Bronx,22,1
2024-01-12,Brooklyn,0,6
2024-01-12,Brooklyn,1,2
2024-01-12,Brooklyn,2,3
2024-01-12,Brooklyn,6,2
2024-01-12,Brooklyn,7,8
2024-01-12,Brooklyn,8,7
2024-01-12,Brooklyn,9,14
2024-01-12,Brooklyn,10,14
2024-01-12,Brooklyn,11,11
2024-01-12,Brooklyn,12,13
2024-01-12,Brooklyn,13,7
2024-01-12,Brooklyn,14,11
2024-01-12,Brooklyn,15,17
2024-01-12,Brooklyn,16,19
2024-01-12,Brooklyn,17,31
2024-01-12,Brooklyn,18,22
2024-01-12,Brooklyn,19,26
2024-01-12,Brooklyn,20,16
2024-01-12,Brooklyn,21,14
2024-01-12,Brooklyn,22,12
2024-01-12,Brooklyn,23,12
2024-01-12,Manhattan,0,11
2024-01-12,Manhattan,1,10
2024-01-12,Manhattan,2,1
2024-01-12,Manhattan,3,5
2024-01-12,Manhattan,4,2
2024-01-12,Manhattan,5,5
2024-01-12,Manhattan,6,23
2024-01-12,Manhattan,7,68
2024-01-12,Manhattan,8,77
2024-01-12,Manhattan,9,62
2024-01-12,Manhattan,10,63
2024-01-12,Manhattan,11,57
2024-01-12,Manhattan,12,63
2024-01-12,Manhattan,13,69
2024-01-12,Manhattan,14,55
2024-01-12,Manhattan,15,94
2024-01-12,Manhattan,16,90
2024-01-12,Manhattan,17,111
2024-01-12,Manhattan,18,98
2024-01-12,Manhattan,19,72
2024-01-12,Manhattan,20,64
2024-01-12,Manhattan,21,27
2024-01-12,Manhattan,22,29
2024-01-12,Manhattan,23,20
2024-01-12,Queens,0,14
2024-01-12,Queens,1,2
2024-01-12,Queens,2,3
2024-01-12,Queens,3,2
2024-01-12,Queens,4,5
2024-01-12,Queens,5,3
2024-01-12,Queens,6,8
2024-01-12,Queens,7,11
2024-01-12,Queens,8,25
2024-01-12,Queens,9,19
2024-01-12,Queens,10,30
2024-01-12,Queens,11,32
2024-01-12,Queens,12,22
2024-01-12,Queens,13,28
2024-01-12,Queens,14,37
2024-01-12,Queens,15,38
2024-01-12,Queens,16,40
2024-01-12,Queens,17,61
2024-01-12,Queens,18,45
2024-01-12,Queens,19,34
2024-01-12,Queens,20,28
2024-01-12,Queens,21,15
2024-01-12,Queens,22,29
2024-01-12,Queens,23,41
2024-01-12,Unknown,8,1
2024-01-12,Unknown,9,1
2024-01-12,Unknown,11,1
2024-01-12,Unknown,16,1
2024-01-12,Unknown,19,2
2024-01-13,Bronx,1,1
2024-01-13,Bronx,2,1
2024-01-13,Bronx,4,2
2024-01-13,Bronx,5,1
2024-01-13,Bronx,6,1
2024-01-13,Bronx,7,1
2024-01-13,Bronx,8,1
2024-01-13,Bronx,9,1
2024-01-13,Bronx,10,1
2024-01-13,Bronx,11,1
2024-01-13,Bronx,12,1
2024-01-13,Bronx,13,1
2024-01-13,Bronx,14,2
2024-01-13,Bronx,16,1
2024-01-13,Bronx,18,1
2024-01-13,Bronx,20,2
2024-01-13,Bronx,21,1
2024-01-13,Bronx,23,1
2024-01-13,Brooklyn,0,13
2024-01-13,Brooklyn,1,13
2024-01-13,Brooklyn,2,10
2024-01-13,Brooklyn,3,7
2024-01-13,Brooklyn,4,4
2024-01-13,Brooklyn,6,1
2024-01-13,Brooklyn,7,2
2024-01-13,Brooklyn,8,4
2024-01-13,Brooklyn,9,8
2024-01-13,Brooklyn,10,5
2024-01-13,Brooklyn,11,9
2024-01-13,Brooklyn,12,17
2024-01-13,Brooklyn,13,22
2024-01-13,Brooklyn,14,23
2024-01-13,Brooklyn,15,22
2024-01-13,Brooklyn,16,23
2024-01-13,Brooklyn,17,27
2024-01-13,Brooklyn,18,32
2024-01-13,Brooklyn,19,21
2024-01-13,Brooklyn,20,16
2024-01-13,Brooklyn,21,21
2024-01-13,Brooklyn,22,17
2024-01-13,Brooklyn,23,6
2024-01-13,Manhattan,0,17
2024-01-13,Manhattan,1,4
2024-01-13,Manhattan,2,4
2024-01-13,Manhattan,3,3
2024-01-13,Manhattan,5,1
2024-01-13,Manhattan,6,3
2024-01-13,Manhattan,7,17
2024-01-13,Manhattan,8,21
2024-01-13,Manhattan,9,33
2024-01-13,Manhattan,10,38
2024-01-13,Manhattan,11,41
2024-01-13,Manhattan,12,53
2024-01-13,Manhattan,13,55
2024-01-13,Manhattan,14,52
2024-01-13,Manhattan,15,55
2024-01-13,Manhattan,16,63
2024-01-13,Manhattan,17,49
2024-01-13,Manhattan,18,58
2024-01-13,Manhattan,19,48
2024-01-13,Manhattan,20,47
2024-01-13,Manhattan,21,34
2024-01-13,Manhattan,22,27
2024-01-13,Manhattan,23,24
2024-01-13,Queens,0,44
2024-01-13,Queens,1,35
2024-01-13,Queens,2,25
2024-01-13,Queens,3,18
2024-01-13,Queens,4,7
2024-01-13,Queens,5,4
2024-01-13,Queens,6,8
2024-01-13,Queens,7,10
2024-01-13,Queens,8,12
2024-01-13,Queens,9,13
2024-01-13,Queens,10,22
2024-01-13,Queens,11,32
2024-01-13,Queens,12,28
2024-01-13,Queens,13,19
2024-01-13,Queens,14,32
2024-01-13,Queens,15,30
2024-01-13,Queens,16,30
2024-01-13,Queens,17,45
2024-01-13,Queens,18,40
2024-01-13,Queens,19,42
2024-01-13,Queens,20,34
2024-01-13,Queens,21,21
2024-01-13,Queens,22,23
2024-01-13,Queens,23,23
2024-01-13,Unknown,4,1
2024-01-13,Unknown,6,1
2024-01-13,Unknown,8,1
2024-01-13,Unknown,9,1
2024-01-13,Unknown,10,1
2024-01-13,Unknown,13,2
2024-01-13,Unknown,15,1
2024-01-13,Unknown,17,1
2024-01-13,Unknown,19,1
2024-01-13,Unknown,20,1
2024-01-14,Bronx,0,1
2024-01-14,Bronx,5,2
2024-01-14,Bronx,8,1
2024-01-14,Bronx,9,1
2024-01-14,Bronx,10,2
2024-01-14,Bronx,11,1
2024-01-14,Bronx,14,1
2024-01-14,Bronx,17,2
2024-01-14,Bronx,18,1
2024-01-14,Bronx,19,1
2024-01-14,Bronx,20,1
2024-01-14,Brooklyn,0,20
2024-01-14,Brooklyn,1,14
2024-01-14,Brooklyn,2,20
2024-01-14,Brooklyn,3,11
2024-01-14,Brooklyn,4,8
2024-01-14,Brooklyn,5,2
2024-01-14,Brooklyn,7,1
2024-01-14,Brooklyn,8,1
2024-01-14,Brooklyn,9,7
2024-01-14,Brooklyn,10,4
2024-01-14,Brooklyn,11,15
2024-01-14,Brooklyn,12,15
2024-01-14,Brooklyn,13,15
2024-01-14,Brooklyn,14,22
2024-01-14,Brooklyn,15,21
2024-01-14,Brooklyn,16,24
2024-01-14,Brooklyn,17,18
2024-01-14,Brooklyn,18,24
2024-01-14,Brooklyn,19,19
2024-01-14,Brooklyn,20,14
2024-01-14,Brooklyn,21,13
2024-01-14,Brooklyn,22,10
2024-01-14,Brooklyn,23,3
2024-01-14,Manhattan,0,12
2024-01-14,Manhattan,1,9
2024-01-14,Manhattan,2,4
2024-01-14,Manhattan,3,1
2024-01-14,Manhattan,4,1
2024-01-14,Manhattan,5,1
2024-01-14,Manhattan,6,2
2024-01-14,Manhattan,7,16
2024-01-14,Manhattan,8,20
2024-01-14,Manhattan,9,20
2024-01-14,Manhattan,10,35
2024-01-14,Manhattan,11,47
2024-01-14,Manhattan,12,47
2024-01-14,Manhattan,13,45
2024-01-14,Manhattan,14,60
2024-01-14,Manhattan,15,68
2024-01-14,Manhattan,16,59
2024-01-14,Manhattan,17,39
2024-01-14,Manhattan,18,51
2024-01-14,Manhattan,19,50
2024-01-14,Manhattan,20,39
2024-01-14,Manhattan,21,30
2024-01-14,Manhattan,22,24
2024-01-14,Manhattan,23,15
2024-01-14,Queens,0,16
2024-01-14,Queens,1,12
2024-01-14,Queens,2,11
2024-01-14,Queens,3,10
2024-01-14,Queens,4,4
2024-01-14,Queens,5,5
2024-01-14,Queens,6,8
2024-01-14,Queens,7,7
2024-01-14,Queens,8,9
2024-01-14,Queens,9,12
2024-01-14,Queens,10,8
2024-01-14,Queens,11,20
2024-01-14,Queens,12,22
2024-01-14,Queens,13,26
2024-01-14,Queens,14,32
2024-01-14,Queens,15,22
2024-01-14,Queens,16,28
2024-01-14,Queens,17,36
2024-01-14,Queens,18,21
2024-01-14,Queens,19,39
2024-01-14,Queens,20,12
2024-01-14,Queens,21,23
2024-01-14,Queens,22,11
2024-01-14,Queens,23,25
2024-01-14,Unknown,0,1
2024-01-14,Unknown,3,1
2024-01-14,Unknown,15,1
2024-01-15,Bronx,0,2
2024-01-15,Bronx,3,2
2024-01-15,Bronx,4,2
2024-01-15,Bronx,5,2
2024-01-15,Bronx,8,2
2024-01-15,Bronx,10,1
2024-01-15,Bronx,11,4
2024-01-15,Bronx,12,2
2024-01-15,Bronx,14,1
2024-01-15,Bronx,15,2
2024-01-15,Brooklyn,0,5
2024-01-15,Brooklyn,1,3
2024-01-15,Brooklyn,2,3
2024-01-15,Brooklyn,7,6
2024-01-15,Brooklyn,8,6
2024-01-15,Brooklyn,9,9
2024-01-15,Brooklyn,10,10
2024-01-15,Brooklyn,11,13
2024-01-15,Brooklyn,12,15
2024-01-15,Brooklyn,13,16
2024-01-15,Brooklyn,14,15
2024-01-15,Brooklyn,15,19
2024-01-15,Brooklyn,16,20
2024-01-15,Brooklyn,17,17
2024-01-15,Brooklyn,18,21
2024-01-15,Brooklyn,19,10
2024-01-15,Brooklyn,20,12
2024-01-15,Brooklyn,21,10
2024-01-15,Brooklyn,22,10
2024-01-15,Brooklyn,23,3
2024-01-15,Manhattan,0,11
2024-01-15,Manhattan,1,6
2024-01-15,Manhattan,2,4
2024-01-15,Manhattan,3,2
2024-01-15,Manhattan,4,2
2024-01-15,Manhattan,5,3
2024-01-15,Manhattan,6,7
2024-01-15,Manhattan,7,20
2024-01-15,Manhattan,8,27
2024-01-15,Manhattan,9,41
2024-01-15,Manhattan,10,34
2024-01-15,Manhattan,11,38
2024-01-15,Manhattan,12,41
2024-01-15,Manhattan,13,47
2024-01-15,Manhattan,14,60
2024-01-15,Manhattan,15,66
2024-01-15,Manhattan,16,54
2024-01-15,Manhattan,17,52
2024-01-15,Manhattan,18,52
2024-01-15,Manhattan,19,42
2024-01-15,Manhattan,20,37
2024-01-15,Manhattan,21,35
2024-01-15,Manhattan,22,17
2024-01-15,Manhattan,23,15
2024-01-15,Queens,0,13
2024-01-15,Queens,1,8
2024-01-15,Queens,2,6
2024-01-15,Queens,3,9
2024-01-15,Queens,4,3
2024-01-15,Queens,5,2
2024-01-15,Queens,6,3
2024-01-15,Queens,7,7
2024-01-15,Queens,8,18
2024-01-15,Queens,9,13
2024-01-15,Queens,10,8
2024-01-15,Queens,11,14
2024-01-15,Queens,12,24
2024-01-15,Queens,13,26
2024-01-15,Queens,14,30
2024-01-15,Queens,15,33
2024-01-15,Queens,16,25
2024-01-15,Queens,17,27
2024-01-15,Queens,18,22
2024-01-15,Queens,19,16
2024-01-15,Queens,20,22
2024-01-15,Queens,21,17
2024-01-15,Queens,22,11
2024-01-15,Queens,23,14
2024-01-15,Unknown,0,1
2024-01-15,Unknown,17,2
2024-01-15,Unknown,18,1
2024-01-15,Unknown,21,1
2024-01-16,Bronx,1,2
2024-01-16,Bronx,3,1
2024-01-16,Bronx,6,2
2024-01-16,Bronx,7,2
2024-01-16,Bronx,8,1
2024-01-16,Bronx,9,3
2024-01-16,Bronx,10,1
2024-01-16,Bronx,11,1
2024-01-16,Bronx,12,3
2024-01-16,Bronx,13,1
2024-01-16,Bronx,16,1
2024-01-16,Bronx,17,1
2024-01-16,Bronx,18,1
2024-01-16,Bronx,19,1
2024-01-16,Bronx,21,1
2024-01-16,Bronx,22,1
2024-01-16,Brooklyn,0,5
2024-01-16,Brooklyn,1,1
2024-01-16,Brooklyn,4,3
2024-01-16,Brooklyn,5,1
2024-01-16,Brooklyn,6,2
2024-01-16,Brooklyn,7,4
2024-01-16,Brooklyn,8,5
2024-01-16,Brooklyn,9,4
2024-01-16,Brooklyn,10,8
2024-01-16,Brooklyn,11,7
2024-01-16,Brooklyn,12,8
2024-01-16,Brooklyn,13,10
2024-01-16,Brooklyn,14,13
2024-01-16,Brooklyn,15,15
2024-01-16,Brooklyn,16,15
2024-01-16,Brooklyn,17,17
2024-01-16,Brooklyn,18,18
2024-01-16,Brooklyn,19,14
2024-01-16,Brooklyn,20,10
2024-01-16,Brooklyn,21,9
2024-01-16,Brooklyn,22,4
2024-01-16,Brooklyn,23,4
2024-01-16,Manhattan,0,8
2024-01-16,Manhattan,1,5
2024-01-16,Manhattan,2,2
2024-01-16,Manhattan,3,1
2024-01-16,Manhattan,5,9
2024-01-16,Manhattan,6,31
2024-01-16,Manhattan,7,77
2024-01-16,Manhattan,8,78
2024-01-16,Manhattan,9,85
2024-01-16,Manhattan,10,79
2024-01-16,Manhattan,11,61
2024-01-16,Manhattan,12,72
2024-01-16,Manhattan,13,61
2024-01-16,Manhattan,14,80
2024-01-16,Manhattan,15,90
2024-01-16,Manhattan,16,99
2024-01-16,Manhattan,17,85
2024-01-16,Manhattan,18,111
2024-01-16,Manhattan,19,73
2024-01-16,Manhattan,20,46
2024-01-16,Manhattan,21,30
2024-01-16,Manhattan,22,18
2024-01-16,Manhattan,23,10
2024-01-16,Queens,0,10
2024-01-16,Queens,1,7
2024-01-16,Queens,2,2
2024-01-16,Queens,3,8
2024-01-16,Queens,4,4
2024-01-16,Queens,5,3
2024-01-16,Queens,6,6
2024-01-16,Queens,7,13
2024-01-16,Queens,8,18
2024-01-16,Queens,9,19
2024-01-16,Queens,10,15
2024-01-16,Queens,11,23
2024-01-16,Queens,12,25
2024-01-16,Queens,13,26
2024-01-16,Queens,14,27
2024-01-16,Queens,15,28
2024-01-16,Queens,16,45
2024-01-16,Queens,17,42
2024-01-16,Queens,18,36
2024-01-16,Queens,19,34
2024-01-16,Queens,20,21
2024-01-16,Queens,21,21
2024-01-16,Queens,22,21
2024-01-16,Queens,23,9
2024-01-16,Unknown,9,1
2024-01-16,Unknown,12,1
2024-01-16,Unknown,13,1
2024-01-17,Bronx,1,1
2024-01-17,Bronx,4,1
2024-01-17,Bronx,5,1
2024-01-17,Bronx,7,1
2024-01-17,Bronx,9,1
2024-01-17,Bronx,10,2
2024-01-17,Bronx,11,2
2024-01-17,Bronx,12,1
2024-01-17,Bronx,13,3
2024-01-17,Bronx,14,1
2024-01-17,Bronx,15,1
2024-01-17,Bronx,20,1
2024-01-17,Brooklyn,0,2
2024-01-17,Brooklyn,1,2
2024-01-17,Brooklyn,2,1
2024-01-17,Brooklyn,3,3
2024-01-17,Brooklyn,4,2
2024-01-17,Brooklyn,5,4
2024-01-17,Brooklyn,6,2
2024-01-17,Brooklyn,7,4
2024-01-17,Brooklyn,8,11
2024-01-17,Brooklyn,9,9
2024-01-17,Brooklyn,10,12
2024-01-17,Brooklyn,11,16
2024-01-17,Brooklyn,12,14
2024-01-17,Brooklyn,13,18
2024-01-17,Brooklyn,14,17
2024-01-17,Brooklyn,15,13
2024-01-17,Brooklyn,16,16
2024-01-17,Brooklyn,17,24
2024-01-17,Brooklyn,18,26
2024-01-17,Brooklyn,19,18
2024-01-17,Brooklyn,20,19
2024-01-17,Brooklyn,21,10
2024-01-17,Brooklyn,22,8
2024-01-17,Brooklyn,23,6
2024-01-17,Manhattan,0,14
2024-01-17,Manhattan,1,5
2024-01-17,Manhattan,4,3
2024-01-17,Manhattan,5,6
2024-01-17,Manhattan,6,30
2024-01-17,Manhattan,7,98
2024-01-17,Manhattan,8,111
2024-01-17,Manhattan,9,101
2024-01-17,Manhattan,10,95
2024-01-17,Manhattan,11,83
2024-01-17,Manhattan,12,79
2024-01-17,Manhattan,13,70
2024-01-17,Manhattan,14,84
2024-01-17,Manhattan,15,98
2024-01-17,Manhattan,16,117
2024-01-17,Manhattan,17,120
2024-01-17,Manhattan,18,96
2024-01-17,Manhattan,19,95
2024-01-17,Manhattan,20,56
2024-01-17,Manhattan,21,37
2024-01-17,Manhattan,22,26
2024-01-17,Manhattan,23,20
2024-01-17,Queens,0,10
2024-01-17,Queens,1,7
2024-01-17,Queens,2,1
2024-01-17,Queens,3,4
2024-01-17,Queens,4,3
2024-01-17,Queens,5,1
2024-01-17,Queens,6,5
2024-01-17,Queens,7,12
2024-01-17,Queens,8,28
2024-01-17,Queens,9,19
2024-01-17,Queens,10,18
2024-01-17,Queens,11,22
2024-01-17,Queens,12,21
2024-01-17,Queens,13,28
2024-01-17,Queens,14,32
2024-01-17,Queens,15,29
2024-01-17,Queens,16,47
2024-01-17,Queens,17,41
2024-01-17,Queens,18,51
2024-01-17,Queens,19,40
2024-01-17,Queens,20,26
2024-01-17,Queens,21,17
2024-01-17,Queens,22,25
2024-01-17,Queens,23,10
2024-01-17,Unknown,1,1
2024-01-17,Unknown,2,1
2024-01-17,Unknown,8,1
2024-01-17,Unknown,10,1
2024-01-17,Unknown,11,1
2024-01-17,Unknown,13,1
2024-01-17,Unknown,15,1
2024-01-17,Unknown,16,1
2024-01-17,Unknown,20,1
2024-01-17,Unknown,21,1
2024-01-17,Unknown,23,1
2024-01-18,Bronx,1,1
2024-01-18,Bronx,4,1
2024-01-18,Bronx,5,1
2024-01-18,Bronx,8,1
2024-01-18,Bronx,9,2
2024-01-18,Bronx,10,2
2024-01-18,Bronx,11,1
2024-01-18,Bronx,12,3
2024-01-18,Bronx,13,2
2024-01-18,Bronx,14,3
2024-01-18,Bronx,15,5
2024-01-18,Bronx,16,1
2024-01-18,Bronx,17,1
2024-01-18,Bronx,18,1
2024-01-18,Bronx,20,2
2024-01-18,Bronx,22,1
2024-01-18,Bronx,23,1
2024-01-18,Brooklyn,0,5
2024-01-18,Brooklyn,1,2
2024-01-18,Brooklyn,2,1
2024-01-18,Brooklyn,5,3
2024-01-18,Brooklyn,6,1
2024-01-18,Brooklyn,7,4
2024-01-18,Brooklyn,8,9
2024-01-18,Brooklyn,9,11
2024-01-18,Brooklyn,10,9
2024-01-18,Brooklyn,11,11
2024-01-18,Brooklyn,12,9
2024-01-18,Brooklyn,13,12
2024-01-18,Brooklyn,14,18
2024-01-18,Brooklyn,15,19
2024-01-18,Brooklyn,16,19
2024-01-18,Brooklyn,17,21
2024-01-18,Brooklyn,18,21
2024-01-18,Brooklyn,19,19
2024-01-18,Brooklyn,20,20
2024-01-18,Brooklyn,21,15
2024-01-18,Brooklyn,22,14
2024-01-18,Brooklyn,23,12
2024-01-18,Manhattan,0,4
2024-01-18,Manhattan,1,6
2024-01-18,Manhattan,2,1
2024-01-18,Manhattan,4,3
2024-01-18,Manhattan,5,3
2024-01-18,Manhattan,6,32
2024-01-18,Manhattan,7,83
2024-01-18,Manhattan,8,91
2024-01-18,Manhattan,9,88
2024-01-18,Manhattan,10,71
2024-01-18,Manhattan,11,67
2024-01-18,Manhattan,12,77
2024-01-18,Manhattan,13,66
2024-01-18,Manhattan,14,69
2024-01-18,Manhattan,15,97
2024-01-18,Manhattan,16,112
2024-01-18,Manhattan,17,111
2024-01-18,Manhattan,18,87
2024-01-18,Manhattan,19,76
2024-01-18,Manhattan,20,51
2024-01-18,Manhattan,21,50
2024-01-18,Manhattan,22,26
2024-01-18,Manhattan,23,16
2024-01-18,Queens,0,17
2024-01-18,Queens,1,7
2024-01-18,Queens,2,5
2024-01-18,Queens,3,4
2024-01-18,Queens,4,3
2024-01-18,Queens,5,4
2024-01-18,Queens,6,4
2024-01-18,Queens,7,12
2024-01-18,Queens,8,18
2024-01-18,Queens,9,15
2024-01-18,Queens,10,26
2024-01-18,Queens,11,26
2024-01-18,Queens,12,26
2024-01-18,Queens,13,22
2024-01-18,Queens,14,25
2024-01-18,Queens,15,35
2024-01-18,Queens,16,51
2024-01-18,Queens,17,49
2024-01-18,Queens,18,50
2024-01-18,Queens,19,41
2024-01-18,Queens,20,31
2024-01-18,Queens,21,21
2024-01-18,Queens,22,33
2024-01-18,Queens,23,13
2024-01-18,Unknown,1,1
2024-01-18,Unknown,9,2
2024-01-18,Unknown,14,1
2024-01-19,Bronx,6,1
2024-01-19,Bronx,8,1
2024-01-19,Bronx,9,3
2024-01-19,Bronx,11,3
2024-01-19,Bronx,12,2
2024-01-19,Bronx,13,3
2024-01-19,Bronx,14,3
2024-01-19,Bronx,15,1
2024-01-19,Bronx,16,1
2024-01-19,Bronx,17,2
2024-01-19,Bronx,18,1
2024-01-19,Bronx,19,2
2024-01-19,Bronx,20,1
2024-01-19,Bronx,21,1
2024-01-19,Bronx,22,1
2024-01-19,Bronx,23,2
2024-01-19,Brooklyn,0,12
2024-01-19,Brooklyn,1,7
2024-01-19,Brooklyn,2,4
2024-01-19,Brooklyn,5,3
2024-01-19,Brooklyn,6,2
2024-01-19,Brooklyn,7,6
2024-01-19,Brooklyn,8,7
2024-01-19,Brooklyn,9,15
2024-01-19,Brooklyn,10,13
2024-01-19,Brooklyn,11,12
2024-01-19,Brooklyn,12,12
2024-01-19,Brooklyn,13,14
2024-01-19,Brooklyn,14,12
2024-01-19,Brooklyn,15,23
2024-01-19,Brooklyn,16,15
2024-01-19,Brooklyn,17,23
2024-01-19,Brooklyn,18,28
2024-01-19,Brooklyn,19,15
2024-01-19,Brooklyn,20,10
2024-01-19,Brooklyn,21,20
2024-01-19,Brooklyn,22,9
2024-01-19,Brooklyn,23,9
2024-01-19,Manhattan,0,9
2024-01-19,Manhattan,1,3
2024-01-19,Manhattan,2,5
2024-01-19,Manhattan,4,1
2024-01-19,Manhattan,5,7
2024-01-19,Manhattan,6,27
2024-01-19,Manhattan,7,74
2024-01-19,Manhattan,8,72
2024-01-19,Manhattan,9,62
2024-01-19,Manhattan,10,73
2024-01-19,Manhattan,11,69
2024-01-19,Manhattan,12,51
2024-01-19,Manhattan,13,67
2024-01-19,Manhattan,14,84
2024-01-19,Manhattan,15,86
2024-01-19,Manhattan,16,109
2024-01-19,Manhattan,17,88
2024-01-19,Manhattan,18,96
2024-01-19,Manhattan,19,69
2024-01-19,Manhattan,20,37
2024-01-19,Manhattan,21,30
2024-01-19,Manhattan,22,28
2024-01-19,Manhattan,23,24
2024-01-19,Queens,0,12
2024-01-19,Queens,1,8
2024-01-19,Queens,2,7
2024-01-19,Queens,3,5
2024-01-19,Queens,4,4
2024-01-19,Queens,5,1
2024-01-19,Queens,6,4
2024-01-19,Queens,7,14
2024-01-19,Queens,8,22
2024-01-19,Queens,9,21
2024-01-19,Queens,10,18
2024-01-19,Queens,11,20
2024-01-19,Queens,12,20
2024-01-19,Queens,13,31
2024-01-19,Queens,14,22
2024-01-19,Queens,15,34
2024-01-19,Queens,16,39
2024-01-19,Queens,17,52
2024-01-19,Queens,18,41
2024-01-19,Queens,19,45
2024-01-19,Queens,20,21
2024-01-19,Queens,21,21
2024-01-19,Queens,22,23
2024-01-19,Queens,23,22
2024-01-19,Unknown,11,1
2024-01-19,Unknown,14,1
2024-01-19,Unknown,22,1
2024-01-20,Bronx,1,4
2024-01-20,Bronx,6,2
2024-01-20,Bronx,8,2
2024-01-20,Bronx,9,2
2024-01-20,Bronx,10,1
2024-01-20,Bronx,11,2
2024-01-20,Bronx,12,1
2024-01-20,Bronx,13,5
2024-01-20,Bronx,14,1
2024-01-20,Bronx,16,1
2024-01-20,Bronx,19,2
2024-01-20,Bronx,20,1
2024-01-20,Bronx,22,1
2024-01-20,Brooklyn,0,8
2024-01-20,Brooklyn,1,15
2024-01-20,Brooklyn,2,7
2024-01-20,Brooklyn,3,13
2024-01-20,Brooklyn,4,2
2024-01-20,Brooklyn,5,1
2024-01-20,Brooklyn,7,4
2024-01-20,Brooklyn,8,2
2024-01-20,Brooklyn,9,11
2024-01-20,Brooklyn,10,8
2024-01-20,Brooklyn,11,11
2024-01-20,Brooklyn,12,11
2024-01-20,Brooklyn,13,15
2024-01-20,Brooklyn,14,14
2024-01-20,Brooklyn,15,14
2024-01-20,Brooklyn,16,21
2024-01-20,Brooklyn,17,26
2024-01-20,Brooklyn,18,23
2024-01-20,Brooklyn,19,27
2024-01-20,Brooklyn,20,15
2024-01-20,Brooklyn,21,19
2024-01-20,Brooklyn,22,16
2024-01-20,Brooklyn,23,17
2024-01-20,Manhattan,0,9
2024-01-20,Manhattan,1,6
2024-01-20,Manhattan,2,5
2024-01-20,Manhattan,3,5
2024-01-20,Manhattan,4,5
2024-01-20,Manhattan,6,10
2024-01-20,Manhattan,7,23
2024-01-20,Manhattan,8,33
2024-01-20,Manhattan,9,38
2024-01-20,Manhattan,10,40
2024-01-20,Manhattan,11,50
2024-01-20,Manhattan,12,53
2024-01-20,Manhattan,13,57
2024-01-20,Manhattan,14,52
2024-01-20,Manhattan,15,68
2024-01-20,Manhattan,16,52
2024-01-20,Manhattan,17,57
2024-01-20,Manhattan,18,68
2024-01-20,Manhattan,19,47
2024-01-20,Manhattan,20,39
2024-01-20,Manhattan,21,28
2024-01-20,Manhattan,22,15
2024-01-20,Manhattan,23,23
2024-01-20,Queens,0,18
2024-01-20,Queens,1,13
2024-01-20,Queens,2,7
2024-01-20,Queens,3,13
2024-01-20,Queens,4,10
2024-01-20,Queens,5,6
2024-01-20,Queens,6,4
2024-01-20,Queens,7,12
2024-01-20,Queens,8,15
2024-01-20,Queens,9,29
2024-01-20,Queens,10,26
2024-01-20,Queens,11,28
2024-01-20,Queens,12,22
2024-01-20,Queens,13,28
2024-01-20,Queens,14,45
2024-01-20,Queens,15,41
2024-01-20,Queens,16,35
2024-01-20,Queens,17,30
2024-01-20,Queens,18,31
2024-01-20,Queens,19,37
2024-01-20,Queens,20,24
2024-01-20,Queens,21,29
2024-01-20,Queens,22,34
2024-01-20,Queens,23,38
2024-01-20,Unknown,7,2
2024-01-20,Unknown,10,1
2024-01-20,Unknown,13,1
2024-01-20,Unknown,20,1
2024-01-20,Unknown,22,1
2024-01-21,Bronx,0,1
2024-01-21,Bronx,3,1
2024-01-21,Bronx,4,2
2024-01-21,Bronx,7,1
2024-01-21,Bronx,8,1
2024-01-21,Bronx,9,1
2024-01-21,Bronx,11,1
2024-01-21,Bronx,12,1
2024-01-21,Bronx,15,1
2024-01-21,Bronx,17,1
2024-01-21,Bronx,19,1
2024-01-21,Bronx,22,1
2024-01-21,Bronx,23,1
2024-01-21,Brooklyn,0,14
2024-01-21,Brooklyn,1,13
2024-01-21,Brooklyn,2,10
2024-01-21,Brooklyn,3,6
2024-01-21,Brooklyn,4,5
2024-01-21,Brooklyn,5,2
2024-01-21,Brooklyn,6,1
2024-01-21,Brooklyn,7,2
2024-01-21,Brooklyn,8,4
2024-01-21,Brooklyn,9,5
2024-01-21,Brooklyn,10,8
2024-01-21,Brooklyn,11,6
2024-01-21,Brooklyn,12,13
2024-01-21,Brooklyn,13,11
2024-01-21,Brooklyn,14,15
2024-01-21,Brooklyn,15,18
2024-01-21,Brooklyn,16,16
2024-01-21,Brooklyn,17,19
2024-01-21,Brooklyn,18,21
2024-01-21,Brooklyn,19,11
2024-01-21,Brooklyn,20,9
2024-01-21,Brooklyn,21,10
2024-01-21,Brooklyn,22,2
2024-01-21,Brooklyn,23,5
2024-01-21,EWR,12,1
2024-01-21,Manhattan,0,5
2024-01-21,Manhattan,1,5
2024-01-21,Manhattan,2,3
2024-01-21,Manhattan,3,1
2024-01-21,Manhattan,4,1
2024-01-21,Manhattan,5,2
2024-01-21,Manhattan,6,3
2024-01-21,Manhattan,7,8
2024-01-21,Manhattan,8,16
2024-01-21,Manhattan,9,20
2024-01-21,Manhattan,10,40
2024-01-21,Manhattan,11,49
2024-01-21,Manhattan,12,40
2024-01-21,Manhattan,13,52
2024-01-21,Manhattan,14,48
2024-01-21,Manhattan,15,53
2024-01-21,Manhattan,16,56
2024-01-21,Manhattan,17,58
2024-01-21,Manhattan,18,63
2024-01-21,Manhattan,19,43
2024-01-21,Manhattan,20,41
2024-01-21,Manhattan,21,36
2024-01-21,Manhattan,22,16
2024-01-21,Manhattan,23,14
2024-01-21,Queens,0,37
2024-01-21,Queens,1,46
2024-01-21,Queens,2,45
2024-01-21,Queens,3,37
2024-01-21,Queens,4,26
2024-01-21,Queens,5,9
2024-01-21,Queens,6,7
2024-01-21,Queens,7,2
2024-01-21,Queens,8,10
2024-01-21,Queens,9,9
2024-01-21,Queens,10,9
2024-01-21,Queens,11,10
2024-01-21,Queens,12,13
2024-01-21,Queens,13,20
2024-01-21,Queens,14,16
2024-01-21,Queens,15,24
2024-01-21,Queens,16,25
2024-01-21,Queens,17,25
2024-01-21,Queens,18,30
2024-01-21,Queens,19,25
2024-01-21,Queens,20,18
2024-01-21,Queens,21,17
2024-01-21,Queens,22,10
2024-01-21,Queens,23,12
2024-01-21,Unknown,3,2
2024-01-21,Unknown,5,1
2024-01-21,Unknown,12,1
2024-01-21,Unknown,17,1
2024-01-21,Unknown,22,1
2024-01-22,Bronx,0,2
2024-01-22,Bronx,3,1
2024-01-22,Bronx,4,1
2024-01-22,Bronx,5,2
2024-01-22,Bronx,7,3
2024-01-22,Bronx,8,4
2024-01-22,Bronx,9,4
2024-01-22,Bronx,10,4
2024-01-22,Bronx,11,2
2024-01-22,Bronx,12,1
2024-01-22,Bronx,13,6
2024-01-22,Bronx,14,1
2024-01-22,Bronx,15,1
2024-01-22,Bronx,16,1
2024-01-22,Bronx,20,1
2024-01-22,Bronx,23,1
2024-01-22,Brooklyn,0,4
2024-01-22,Brooklyn,1,1
2024-01-22,Brooklyn,2,3
2024-01-22,Brooklyn,5,1
2024-01-22,Brooklyn,6,3
2024-01-22,Brooklyn,7,6
2024-01-22,Brooklyn,8,7
2024-01-22,Brooklyn,9,12
2024-01-22,Brooklyn,10,14
2024-01-22,Brooklyn,11,15
2024-01-22,Brooklyn,12,12
2024-01-22,Brooklyn,13,8
2024-01-22,Brooklyn,14,14
2024-01-22,Brooklyn,15,16
2024-01-22,Brooklyn,16,15
2024-01-22,Brooklyn,17,15
2024-01-22,Brooklyn,18,19
2024-01-22,Brooklyn,19,23
2024-01-22,Brooklyn,20,10
2024-01-22,Brooklyn,21,9
2024-01-22,Brooklyn,22,9
2024-01-22,Brooklyn,23,3
2024-01-22,Manhattan,0,5
2024-01-22,Manhattan,1,2
2024-01-22,Manhattan,2,3
2024-01-22,Manhattan,3,1
2024-01-22,Manhattan,5,6
2024-01-22,Manhattan,6,26
2024-01-22,Manhattan,7,77
2024-01-22,Manhattan,8,85
2024-01-22,Manhattan,9,80
2024-01-22,Manhattan,10,69
2024-01-22,Manhattan,11,55
2024-01-22,Manhattan,12,76
2024-01-22,Manhattan,13,57
2024-01-22,Manhattan,14,79
2024-01-22,Manhattan,15,93
2024-01-22,Manhattan,16,87
2024-01-22,Manhattan,17,108
2024-01-22,Manhattan,18,94
2024-01-22,Manhattan,19,70
2024-01-22,Manhattan,20,44
2024-01-22,Manhattan,21,22
2024-01-22,Manhattan,22,13
2024-01-22,Manhattan,23,11
2024-01-22,Queens,0,12
2024-01-22,Queens,1,9
2024-01-22,Queens,2,4
2024-01-22,Queens,3,5
2024-01-22,Queens,4,7
2024-01-22,Queens,5,2
2024-01-22,Queens,6,8
2024-01-22,Queens,7,13
2024-01-22,Queens,8,17
2024-01-22,Queens,9,35
2024-01-22,Queens,10,28
2024-01-22,Queens,11,18
2024-01-22,Queens,12,20
2024-01-22,Queens,13,26
2024-01-22,Queens,14,18
2024-01-22,Queens,15,23
2024-01-22,Queens,16,24
2024-01-22,Queens,17,35
2024-01-22,Queens,18,37
2024-01-22,Queens,19,30
2024-01-22,Queens,20,28
2024-01-22,Queens,21,24
2024-01-22,Queens,22,15
2024-01-22,Queens,23,13
2024-01-22,Unknown,13,1
2024-01-22,Unknown,15,1
2024-01-22,Unknown,20,2
2024-01-23,Bronx,5,1
2024-01-23,Bronx,6,1
2024-01-23,Bronx,8,1
2024-01-23,Bronx,9,2
2024-01-23,Bronx,10,7
2024-01-23,Bronx,11,3
2024-01-23,Bronx,12,5
2024-01-23,Bronx,13,4
2024-01-23,Bronx,14,2
2024-01-23,Bronx,15,4
2024-01-23,Bronx,16,1
2024-01-23,Bronx,18,1
2024-01-23,Bronx,23,1
2024-01-23,Brooklyn,0,4
2024-01-23,Brooklyn,1,3
2024-01-23,Brooklyn,5,1
2024-01-23,Brooklyn,6,2
2024-01-23,Brooklyn,7,7
2024-01-23,Brooklyn,8,13
2024-01-23,Brooklyn,9,13
2024-01-23,Brooklyn,10,10
2024-01-23,Brooklyn,11,14
2024-01-23,Brooklyn,12,15
2024-01-23,Brooklyn,13,15
2024-01-23,Brooklyn,14,15
2024-01-23,Brooklyn,15,9
2024-01-23,Brooklyn,16,15
2024-01-23,Brooklyn,17,14
2024-01-23,Brooklyn,18,15
2024-01-23,Brooklyn,19,12
2024-01-23,Brooklyn,20,14
2024-01-23,Brooklyn,21,11
2024-01-23,Brooklyn,22,10
2024-01-23,Brooklyn,23,4
2024-01-23,Manhattan,0,3
2024-01-23,Manhattan,1,1
2024-01-23,Manhattan,2,1
2024-01-23,Manhattan,5,3
2024-01-23,Manhattan,6,23
2024-01-23,Manhattan,7,69
2024-01-23,Manhattan,8,61
2024-01-23,Manhattan,9,82
2024-01-23,Manhattan,10,77
2024-01-23,Manhattan,11,86
2024-01-23,Manhattan,12,63
2024-01-23,Manhattan,13,79
2024-01-23,Manhattan,14,78
2024-01-23,Manhattan,15,105
2024-01-23,Manhattan,16,85
2024-01-23,Manhattan,17,87
2024-01-23,Manhattan,18,84
2024-01-23,Manhattan,19,64
2024-01-23,Manhattan,20,46
2024-01-23,Manhattan,21,27
2024-01-23,Manhattan,22,14
2024-01-23,Manhattan,23,10
2024-01-23,Queens,0,10
2024-01-23,Queens,1,11
2024-01-23,Queens,2,3
2024-01-23,Queens,3,1
2024-01-23,Queens,4,3
2024-01-23,Queens,5,2
2024-01-23,Queens,6,4
2024-01-23,Queens,7,17
2024-01-23,Queens,8,18
2024-01-23,Queens,9,26
2024-01-23,Queens,10,21
2024-01-23,Queens,11,27
2024-01-23,Queens,12,46
2024-01-23,Queens,13,26
2024-01-23,Queens,14,26
2024-01-23,Queens,15,27
2024-01-23,Queens,16,39
2024-01-23,Queens,17,36
2024-01-23,Queens,18,49
2024-01-23,Queens,19,36
2024-01-23,Queens,20,29
2024-01-23,Queens,21,18
2024-01-23,Queens,22,14
2024-01-23,Queens,23,12
2024-01-23,Unknown,11,2
2024-01-23,Unknown,13,2
2024-01-23,Unknown,14,1
2024-01-24,Bronx,5,1
2024-01-24,Bronx,8,1
2024-01-24,Bronx,9,5
2024-01-24,Bronx,10,1
2024-01-24,Bronx,11,2
2024-01-24,Bronx,12,4
2024-01-24,Bronx,13,3
2024-01-24,Bronx,14,2
2024-01-24,Bronx,15,2
2024-01-24,Bronx,16,1
2024-01-24,Bronx,17,1
2024-01-24,Bronx,18,2
2024-01-24,Bronx,22,1
2024-01-24,Brooklyn,0,8
2024-01-24,Brooklyn,1,4
2024-01-24,Brooklyn,4,2
2024-01-24,Brooklyn,5,2
2024-01-24,Brooklyn,6,1
2024-01-24,Brooklyn,7,11
2024-01-24,Brooklyn,8,10
2024-01-24,Brooklyn,9,9
2024-01-24,Brooklyn,10,7
2024-01-24,Brooklyn,11,8
2024-01-24,Brooklyn,12,14
2024-01-24,Brooklyn,13,14
2024-01-24,Brooklyn,14,17
2024-01-24,Brooklyn,15,13
2024-01-24,Brooklyn,16,14
2024-01-24,Brooklyn,17,20
2024-01-24,Brooklyn,18,24
2024-01-24,Brooklyn,19,17
2024-01-24,Brooklyn,20,14
2024-01-24,Brooklyn,21,16
2024-01-24,Brooklyn,22,12
2024-01-24,Brooklyn,23,5
2024-01-24,Manhattan,0,5
2024-01-24,Manhattan,1,5
2024-01-24,Manhattan,2,3
2024-01-24,Manhattan,4,4
2024-01-24,Manhattan,5,5
2024-01-24,Manhattan,6,22
2024-01-24,Manhattan,7,75
2024-01-24,Manhattan,8,78
2024-01-24,Manhattan,9,79
2024-01-24,Manhattan,10,74
2024-01-24,Manhattan,11,95
2024-01-24,Manhattan,12,69
2024-01-24,Manhattan,13,73
2024-01-24,Manhattan,14,72
2024-01-24,Manhattan,15,83
2024-01-24,Manhattan,16,96
2024-01-24,Manhattan,17,108
2024-01-24,Manhattan,18,107
2024-01-24,Manhattan,19,78
2024-01-24,Manhattan,20,37
2024-01-24,Manhattan,21,29
2024-01-24,Manhattan,22,26
2024-01-24,Manhattan,23,10
2024-01-24,Queens,0,11
2024-01-24,Queens,1,10
2024-01-24,Queens,2,5
2024-01-24,Queens,3,19
2024-01-24,Queens,4,9
2024-01-24,Queens,6,2
2024-01-24,Queens,7,12
2024-01-24,Queens,8,31
2024-01-24,Queens,9,23
2024-01-24,Queens,10,24
2024-01-24,Queens,11,21
2024-01-24,Queens,12,28
2024-01-24,Queens,13,22
2024-01-24,Queens,14,34
2024-01-24,Queens,15,42
2024-01-24,Queens,16,43
2024-01-24,Queens,17,51
2024-01-24,Queens,18,39
2024-01-24,Queens,19,31
2024-01-24,Queens,20,17
2024-01-24,Queens,21,23
2024-01-24,Queens,22,9
2024-01-24,Queens,23,10
2024-01-24,Staten Island,0,1
2024-01-24,Unknown,17,2
2024-01-24,Unknown,20,3
2024-01-24,Unknown,21,1
2024-01-24,Unknown,22,1
2024-01-24,Unknown,23,1
2024-01-25,Bronx,0,2
2024-01-25,Bronx,5,2
2024-01-25,Bronx,6,2
2024-01-25,Bronx,7,1
2024-01-25,Bronx,8,1
2024-01-25,Bronx,9,5
2024-01-25,Bronx,10,4
2024-01-25,Bronx,11,1
2024-01-25,Bronx,12,2
2024-01-25,Bronx,13,3
2024-01-25,Bronx,14,2
2024-01-25,Bronx,16,1
2024-01-25,Bronx,18,2
2024-01-25,Bronx,19,2
2024-01-25,Bronx,20,2
2024-01-25,Bronx,21,1
2024-01-25,Bronx,22,1
2024-01-25,Bronx,23,3
2024-01-25,Brooklyn,0,6
2024-01-25,Brooklyn,1,5
2024-01-25,Brooklyn,2,1
2024-01-25,Brooklyn,3,1
2024-01-25,Brooklyn,5,2
2024-01-25,Brooklyn,6,2
2024-01-25,Brooklyn,7,5
2024-01-25,Brooklyn,8,7
2024-01-25,Brooklyn,9,14
2024-01-25,Brooklyn,10,13
2024-01-25,Brooklyn,11,10
2024-01-25,Brooklyn,12,13
2024-01-25,Brooklyn,13,7
2024-01-25,Brooklyn,14,22
2024-01-25,Brooklyn,15,14
2024-01-25,Brooklyn,16,17
2024-01-25,Brooklyn,17,17
2024-01-25,Brooklyn,18,20
2024-01-25,Brooklyn,19,13
2024-01-25,Brooklyn,20,14
2024-01-25,Brooklyn,21,15
2024-01-25,Brooklyn,22,20
2024-01-25,Brooklyn,23,19
2024-01-25,EWR,18,1
2024-01-25,Manhattan,0,6
2024-01-25,Manhattan,1,6
2024-01-25,Manhattan,2,2
2024-01-25,Manhattan,4,1
2024-01-25,Manhattan,5,9
2024-01-25,Manhattan,6,18
2024-01-25,Manhattan,7,83
2024-01-25,Manhattan,8,94
2024-01-25,Manhattan,9,90
2024-01-25,Manhattan,10,73
2024-01-25,Manhattan,11,68
2024-01-25,Manhattan,12,72
2024-01-25,Manhattan,13,84
2024-01-25,Manhattan,14,69
2024-01-25,Manhattan,15,104
2024-01-25,Manhattan,16,98
2024-01-25,Manhattan,17,100
2024-01-25,Manhattan,18,94
2024-01-25,Manhattan,19,61
2024-01-25,Manhattan,20,57
2024-01-25,Manhattan,21,30
2024-01-25,Manhattan,22,31
2024-01-25,Manhattan,23,14
2024-01-25,Queens,0,12
2024-01-25,Queens,1,6
2024-01-25,Queens,2,4
2024-01-25,Queens,3,1
2024-01-25,Queens,4,4
2024-01-25,Queens,5,5
2024-01-25,Queens,6,5
2024-01-25,Queens,7,11
2024-01-25,Queens,8,19
2024-01-25,Queens,9,31
2024-01-25,Queens,10,17
2024-01-25,Queens,11,20
2024-01-25,Queens,12,30
2024-01-25,Queens,13,25
2024-01-25,Queens,14,30
2024-01-25,Queens,15,30
2024-01-25,Queens,16,42
2024-01-25,Queens,17,47
2024-01-25,Queens,18,51
2024-01-25,Queens,19,33
2024-01-25,Queens,20,32
2024-01-25,Queens,21,15
2024-01-25,Queens,22,17
2024-01-25,Queens,23,24
2024-01-25,Unknown,13,1
2024-01-25,Unknown,15,1
2024-01-25,Unknown,18,1
2024-01-25,Unknown,20,1
2024-01-26,Bronx,0,1
2024-01-26,Bronx,1,1
2024-01-26,Bronx,4,2
2024-01-26,Bronx,5,3
2024-01-26,Bronx,6,1
2024-01-26,Bronx,7,1
2024-01-26,Bronx,8,2
2024-01-26,Bronx,9,7
2024-01-26,Bronx,10,6
2024-01-26,Bronx,11,4
2024-01-26,Bronx,12,3
2024-01-26,Bronx,13,1
2024-01-26,Bronx,14,2
2024-01-26,Bronx,15,2
2024-01-26,Bronx,16,2
2024-01-26,Bronx,17,3
2024-01-26,Bronx,18,3
2024-01-26,Bronx,20,1
2024-01-26,Bronx,21,2
2024-01-26,Bronx,22,1
2024-01-26,Bronx,23,1
2024-01-26,Brooklyn,0,11
2024-01-26,Brooklyn,1,6
2024-01-26,Brooklyn,2,4
2024-01-26,Brooklyn,4,2
2024-01-26,Brooklyn,6,2
2024-01-26,Brooklyn,7,10
2024-01-26,Brooklyn,8,13
2024-01-26,Brooklyn,9,14
2024-01-26,Brooklyn,10,14
2024-01-26,Brooklyn,11,12
2024-01-26,Brooklyn,12,7
2024-01-26,Brooklyn,13,12
2024-01-26,Brooklyn,14,13
2024-01-26,Brooklyn,15,13
2024-01-26,Brooklyn,16,17
2024-01-26,Brooklyn,17,17
2024-01-26,Brooklyn,18,22
2024-01-26,Brooklyn,19,18
2024-01-26,Brooklyn,20,16
2024-01-26,Brooklyn,21,9
2024-01-26,Brooklyn,22,9
2024-01-26,Brooklyn,23,11
2024-01-26,Manhattan,0,8
2024-01-26,Manhattan,1,4
2024-01-26,Manhattan,2,2
2024-01-26,Manhattan,3,2
2024-01-26,Manhattan,4,3
2024-01-26,Manhattan,5,4
2024-01-26,Manhattan,6,25
2024-01-26,Manhattan,7,76
2024-01-26,Manhattan,8,69
2024-01-26,Manhattan,9,81
2024-01-26,Manhattan,10,65
2024-01-26,Manhattan,11,60
2024-01-26,Manhattan,12,60
2024-01-26,Manhattan,13,65
2024-01-26,Manhattan,14,87
2024-01-26,Manhattan,15,82
2024-01-26,Manhattan,16,104
2024-01-26,Manhattan,17,105
2024-01-26,Manhattan,18,91
2024-01-26,Manhattan,19,77
2024-01-26,Manhattan,20,48
2024-01-26,Manhattan,21,28
2024-01-26,Manhattan,22,26
2024-01-26,Manhattan,23,27
2024-01-26,Queens,0,16
2024-01-26,Queens,1,6
2024-01-26,Queens,2,7
2024-01-26,Queens,3,3
2024-01-26,Queens,4,5
2024-01-26,Queens,5,3
2024-01-26,Queens,6,7
2024-01-26,Queens,7,11
2024-01-26,Queens,8,14
2024-01-26,Queens,9,23
2024-01-26,Queens,10,28
2024-01-26,Queens,11,11
2024-01-26,Queens,12,19
2024-01-26,Queens,13,28
2024-01-26,Queens,14,28
2024-01-26,Queens,15,41
2024-01-26,Queens,16,40
2024-01-26,Queens,17,44
2024-01-26,Queens,18,48
2024-01-26,Queens,19,38
2024-01-26,Queens,20,40
2024-01-26,Queens,21,20
2024-01-26,Queens,22,24
2024-01-26,Queens,23,20
2024-01-26,Staten Island,17,1
2024-01-26,Unknown,6,1
2024-01-26,Unknown,9,1
2024-01-26,Unknown,10,1
2024-01-26,Unknown,11,1
2024-01-26,Unknown,13,1
2024-01-26,Unknown,16,1
2024-01-26,Unknown,17,1
2024-01-27,Bronx,3,2
2024-01-27,Bronx,6,1
2024-01-27,Bronx,9,2
2024-01-27,Bronx,10,1
2024-01-27,Bronx,12,1
2024-01-27,Bronx,13,1
2024-01-27,Bronx,14,1
2024-01-27,Bronx,15,2
2024-01-27,Bronx,16,2
2024-01-27,Bronx,17,2
2024-01-27,Bronx,18,2
2024-01-27,Bronx,19,1
2024-01-27,Bronx,20,1
2024-01-27,Bronx,22,2
2024-01-27,Bronx,23,1
2024-01-27,Brooklyn,0,11
2024-01-27,Brooklyn,1,13
2024-01-27,Brooklyn,2,18
2024-01-27,Brooklyn,3,14
2024-01-27,Brooklyn,4,11
2024-01-27,Brooklyn,5,1
2024-01-27,Brooklyn,6,1
2024-01-27,Brooklyn,7,1
2024-01-27,Brooklyn,8,2
2024-01-27,Brooklyn,9,6
2024-01-27,Brooklyn,10,10
2024-01-27,Brooklyn,11,10
2024-01-27,Brooklyn,12,18
2024-01-27,Brooklyn,13,17
2024-01-27,Brooklyn,14,20
2024-01-27,Brooklyn,15,16
2024-01-27,Brooklyn,16,24
2024-01-27,Brooklyn,17,16
2024-01-27,Brooklyn,18,20
2024-01-27,Brooklyn,19,22
2024-01-27,Brooklyn,20,17
2024-01-27,Brooklyn,21,19
2024-01-27,Brooklyn,22,13
2024-01-27,Brooklyn,23,21
2024-01-27,Manhattan,0,9
2024-01-27,Manhattan,1,6
2024-01-27,Manhattan,2,5
2024-01-27,Manhattan,3,2
2024-01-27,Manhattan,4,1
2024-01-27,Manhattan,5,1
2024-01-27,Manhattan,6,10
2024-01-27,Manhattan,7,19
2024-01-27,Manhattan,8,20
2024-01-27,Manhattan,9,36
2024-01-27,Manhattan,10,37
2024-01-27,Manhattan,11,55
2024-01-27,Manhattan,12,52
2024-01-27,Manhattan,13,57
2024-01-27,Manhattan,14,54
2024-01-27,Manhattan,15,55
2024-01-27,Manhattan,16,81
2024-01-27,Manhattan,17,51
2024-01-27,Manhattan,18,56
2024-01-27,Manhattan,19,56
2024-01-27,Manhattan,20,34
2024-01-27,Manhattan,21,38
2024-01-27,Manhattan,22,28
2024-01-27,Manhattan,23,22
2024-01-27,Queens,0,27
2024-01-27,Queens,1,19
2024-01-27,Queens,2,11
2024-01-27,Queens,3,19
2024-01-27,Queens,4,6
2024-01-27,Queens,5,5
2024-01-27,Queens,6,5
2024-01-27,Queens,7,9
2024-01-27,Queens,8,5
2024-01-27,Queens,9,19
2024-01-27,Queens,10,25
2024-01-27,Queens,11,25
2024-01-27,Queens,12,22
2024-01-27,Queens,13,32
2024-01-27,Queens,14,24
2024-01-27,Queens,15,25
2024-01-27,Queens,16,21
2024-01-27,Queens,17,27
2024-01-27,Queens,18,26
2024-01-27,Queens,19,30
2024-01-27,Queens,20,23
2024-01-27,Queens,21,12
2024-01-27,Queens,22,20
2024-01-27,Queens,23,15
2024-01-27,Unknown,12,1
2024-01-27,Unknown,19,2
2024-01-28,Bronx,1,2
2024-01-28,Bronx,3,2
2024-01-28,Bronx,4,1
2024-01-28,Bronx,5,1
2024-01-28,Bronx,8,1
2024-01-28,Bronx,9,2
2024-01-28,Bronx,14,1
2024-01-28,Bronx,15,2
2024-01-28,Bronx,18,1
2024-01-28,Bronx,21,2
2024-01-28,Bronx,22,1
2024-01-28,Brooklyn,0,11
2024-01-28,Brooklyn,1,17
2024-01-28,Brooklyn,2,16
2024-01-28,Brooklyn,3,15
2024-01-28,Brooklyn,4,7
2024-01-28,Brooklyn,5,1
2024-01-28,Brooklyn,6,4
2024-01-28,Brooklyn,7,1
2024-01-28,Brooklyn,8,4
2024-01-28,Brooklyn,9,5
2024-01-28,Brooklyn,10,6
2024-01-28,Brooklyn,11,7
2024-01-28,Brooklyn,12,20
2024-01-28,Brooklyn,13,17
2024-01-28,Brooklyn,14,21
2024-01-28,Brooklyn,15,12
2024-01-28,Brooklyn,16,13
2024-01-28,Brooklyn,17,23
2024-01-28,Brooklyn,18,23
2024-01-28,Brooklyn,19,12
2024-01-28,Brooklyn,20,11
2024-01-28,Brooklyn,21,5
2024-01-28,Brooklyn,22,5
2024-01-28,Brooklyn,23,1
2024-01-28,Manhattan,0,13
2024-01-28,Manhattan,1,12
2024-01-28,Manhattan,2,3
2024-01-28,Manhattan,3,2
2024-01-28,Manhattan,4,1
2024-01-28,Manhattan,5,3
2024-01-28,Manhattan,6,6
2024-01-28,Manhattan,7,13
2024-01-28,Manhattan,8,13
2024-01-28,Manhattan,9,31
2024-01-28,Manhattan,10,49
2024-01-28,Manhattan,11,57
2024-01-28,Manhattan,12,45
2024-01-28,Manhattan,13,54
2024-01-28,Manhattan,14,68
2024-01-28,Manhattan,15,60
2024-01-28,Manhattan,16,50
2024-01-28,Manhattan,17,67
2024-01-28,Manhattan,18,49
2024-01-28,Manhattan,19,65
2024-01-28,Manhattan,20,38
2024-01-28,Manhattan,21,23
2024-01-28,Manhattan,22,28
2024-01-28,Manhattan,23,15
2024-01-28,Queens,0,20
2024-01-28,Queens,1,22
2024-01-28,Queens,2,22
2024-01-28,Queens,3,18
2024-01-28,Queens,4,14
2024-01-28,Queens,5,6
2024-01-28,Queens,6,10
2024-01-28,Queens,7,9
2024-01-28,Queens,8,5
2024-01-28,Queens,9,9
2024-01-28,Queens,10,9
2024-01-28,Queens,11,14
2024-01-28,Queens,12,12
2024-01-28,Queens,13,13
2024-01-28,Queens,14,20
2024-01-28,Queens,15,27
2024-01-28,Queens,16,20
2024-01-28,Queens,17,22
2024-01-28,Queens,18,23
2024-01-28,Queens,19,22
2024-01-28,Queens,20,19
2024-01-28,Queens,21,20
2024-01-28,Queens,22,7
2024-01-28,Queens,23,10
2024-01-28,Unknown,0,1
2024-01-28,Unknown,1,1
2024-01-28,Unknown,21,1
2024-01-28,Unknown,23,1
2024-01-29,Bronx,4,2
2024-01-29,Bronx,6,2
2024-01-29,Bronx,8,4
2024-01-29,Bronx,9,5
2024-01-29,Bronx,10,6
2024-01-29,Bronx,11,2
2024-01-29,Bronx,12,5
2024-01-29,Bronx,13,6
2024-01-29,Bronx,14,4
2024-01-29,Bronx,15,1
2024-01-29,Bronx,16,3
2024-01-29,Bronx,17,1
2024-01-29,Bronx,18,1
2024-01-29,Bronx,19,2
2024-01-29,Bronx,21,2
2024-01-29,Bronx,23,1
2024-01-29,Brooklyn,1,4
2024-01-29,Brooklyn,4,2
2024-01-29,Brooklyn,5,1
2024-01-29,Brooklyn,6,2
2024-01-29,Brooklyn,7,1
2024-01-29,Brooklyn,8,6
2024-01-29,Brooklyn,9,12
2024-01-29,Brooklyn,10,13
2024-01-29,Brooklyn,11,17
2024-01-29,Brooklyn,12,10
2024-01-29,Brooklyn,13,11
2024-01-29,Brooklyn,14,17
2024-01-29,Brooklyn,15,16
2024-01-29,Brooklyn,16,20
2024-01-29,Brooklyn,17,21
2024-01-29,Brooklyn,18,13
2024-01-29,Brooklyn,19,17
2024-01-29,Brooklyn,20,12
2024-01-29,Brooklyn,21,17
2024-01-29,Brooklyn,22,9
2024-01-29,Brooklyn,23,10
2024-01-29,Manhattan,0,5
2024-01-29,Manhattan,1,7
2024-01-29,Manhattan,2,4
2024-01-29,Manhattan,3,3
2024-01-29,Manhattan,4,1
2024-01-29,Manhattan,5,2
2024-01-29,Manhattan,6,30
2024-01-29,Manhattan,7,64
2024-01-29,Manhattan,8,83
2024-01-29,Manhattan,9,100
2024-01-29,Manhattan,10,89
2024-01-29,Manhattan,11,74
2024-01-29,Manhattan,12,82
2024-01-29,Manhattan,13,76
2024-01-29,Manhattan,14,85
2024-01-29,Manhattan,15,87
2024-01-29,Manhattan,16,95
2024-01-29,Manhattan,17,119
2024-01-29,Manhattan,18,78
2024-01-29,Manhattan,19,76
2024-01-29,Manhattan,20,36
2024-01-29,Manhattan,21,37
2024-01-29,Manhattan,22,24
2024-01-29,Manhattan,23,8
2024-01-29,Queens,0,16
2024-01-29,Queens,1,7
2024-01-29,Queens,2,5
2024-01-29,Queens,3,6
2024-01-29,Queens,4,4
2024-01-29,Queens,5,4
2024-01-29,Queens,6,1
2024-01-29,Queens,7,10
2024-01-29,Queens,8,23
2024-01-29,Queens,9,31
2024-01-29,Queens,10,20
2024-01-29,Queens,11,23
2024-01-29,Queens,12,28
2024-01-29,Queens,13,23
2024-01-29,Queens,14,25
2024-01-29,Queens,15,24
2024-01-29,Queens,16,32
2024-01-29,Queens,17,30
2024-01-29,Queens,18,43
2024-01-29,Queens,19,24
2024-01-29,Queens,20,13
2024-01-29,Queens,21,10
2024-01-29,Queens,22,22
2024-01-29,Queens,23,14
2024-01-29,Staten Island,16,1
2024-01-29,Unknown,14,1
2024-01-29,Unknown,16,1
2024-01-30,Bronx,6,1
2024-01-30,Bronx,7,1
2024-01-30,Bronx,8,1
2024-01-30,Bronx,9,4
2024-01-30,Bronx,10,1
2024-01-30,Bronx,11,5
2024-01-30,Bronx,12,5
2024-01-30,Bronx,13,2
2024-01-30,Bronx,14,2
2024-01-30,Bronx,17,1
2024-01-30,Bronx,19,1
2024-01-30,Bronx,20,1
2024-01-30,Bronx,23,1
2024-01-30,Brooklyn,1,3
2024-01-30,Brooklyn,3,1
2024-01-30,Brooklyn,5,2
2024-01-30,Brooklyn,6,3
2024-01-30,Brooklyn,7,5
2024-01-30,Brooklyn,8,13
2024-01-30,Brooklyn,9,18
2024-01-30,Brooklyn,10,9
2024-01-30,Brooklyn,11,14
2024-01-30,Brooklyn,12,16
2024-01-30,Brooklyn,13,7
2024-01-30,Brooklyn,14,19
2024-01-30,Brooklyn,15,15
2024-01-30,Brooklyn,16,14
2024-01-30,Brooklyn,17,20
2024-01-30,Brooklyn,18,21
2024-01-30,Brooklyn,19,13
2024-01-30,Brooklyn,20,17
2024-01-30,Brooklyn,21,14
2024-01-30,Brooklyn,22,12
2024-01-30,Brooklyn,23,7
2024-01-30,Manhattan,0,6
2024-01-30,Manhattan,1,6
2024-01-30,Manhattan,2,1
2024-01-30,Manhattan,3,2
2024-01-30,Manhattan,5,5
2024-01-30,Manhattan,6,28
2024-01-30,Manhattan,7,78
2024-01-30,Manhattan,8,103
2024-01-30,Manhattan,9,98
2024-01-30,Manhattan,10,76
2024-01-30,Manhattan,11,74
2024-01-30,Manhattan,12,67
2024-01-30,Manhattan,13,78
2024-01-30,Manhattan,14,92
2024-01-30,Manhattan,15,84
2024-01-30,Manhattan,16,99
2024-01-30,Manhattan,17,112
2024-01-30,Manhattan,18,95
2024-01-30,Manhattan,19,86
2024-01-30,Manhattan,20,46
2024-01-30,Manhattan,21,23
2024-01-30,Manhattan,22,29
2024-01-30,Manhattan,23,13
2024-01-30,Queens,0,5
2024-01-30,Queens,1,6
2024-01-30,Queens,2,3
2024-01-30,Queens,3,2
2024-01-30,Queens,4,3
2024-01-30,Queens,5,3
2024-01-30,Queens,6,8
2024-01-30,Queens,7,9
2024-01-30,Queens,8,19
2024-01-30,Queens,9,27
2024-01-30,Queens,10,19
2024-01-30,Queens,11,26
2024-01-30,Queens,12,19
2024-01-30,Queens,13,23
2024-01-30,Queens,14,30
2024-01-30,Queens,15,27
2024-01-30,Queens,16,26
2024-01-30,Queens,17,41
2024-01-30,Queens,18,39
2024-01-30,Queens,19,25
2024-01-30,Queens,20,32
2024-01-30,Queens,21,13
2024-01-30,Queens,22,20
2024-01-30,Queens,23,14
2024-01-30,Unknown,4,1
2024-01-30,Unknown,9,1
2024-01-30,Unknown,14,1
2024-01-30,Unknown,22,1
2024-01-31,Bronx,0,2
2024-01-31,Bronx,3,1
2024-01-31,Bronx,5,3
2024-01-31,Bronx,7,1
2024-01-31,Bronx,8,2
2024-01-31,Bronx,9,4
2024-01-31,Bronx,11,2
2024-01-31,Bronx,12,6
2024-01-31,Bronx,13,3
2024-01-31,Bronx,14,2
2024-01-31,Bronx,15,1
2024-01-31,Bronx,16,1
2024-01-31,Bronx,18,3
2024-01-31,Brooklyn,0,4
2024-01-31,Brooklyn,1,2
2024-01-31,Brooklyn,2,1
2024-01-31,Brooklyn,4,2
2024-01-31,Brooklyn,5,2
2024-01-31,Brooklyn,6,2
2024-01-31,Brooklyn,7,5
2024-01-31,Brooklyn,8,13
2024-01-31,Brooklyn,9,5
2024-01-31,Brooklyn,10,11
2024-01-31,Brooklyn,11,9
2024-01-31,Brooklyn,12,11
2024-01-31,Brooklyn,13,15
2024-01-31,Brooklyn,14,13
2024-01-31,Brooklyn,15,18
2024-01-31,Brooklyn,16,21
2024-01-31,Brooklyn,17,19
2024-01-31,Brooklyn,18,29
2024-01-31,Brooklyn,19,19
2024-01-31,Brooklyn,20,11
2024-01-31,Brooklyn,21,12
2024-01-31,Brooklyn,22,14
2024-01-31,Brooklyn,23,11
2024-01-31,Manhattan,0,8
2024-01-31,Manhattan,1,2
2024-01-31,Manhattan,2,4
2024-01-31,Manhattan,4,1
2024-01-31,Manhattan,5,10
2024-01-31,Manhattan,6,26
2024-01-31,Manhattan,7,89
2024-01-31,Manhattan,8,89
2024-01-31,Manhattan,9,87
2024-01-31,Manhattan,10,76
2024-01-31,Manhattan,11,70
2024-01-31,Manhattan,12,69
2024-01-31,Manhattan,13,70
2024-01-31,Manhattan,14,89
2024-01-31,Manhattan,15,108
2024-01-31,Manhattan,16,97
2024-01-31,Manhattan,17,92
2024-01-31,Manhattan,18,107
2024-01-31,Manhattan,19,70
2024-01-31,Manhattan,20,45
2024-01-31,Manhattan,21,32
2024-01-31,Manhattan,22,21
2024-01-31,Manhattan,23,11
2024-01-31,Queens,0,11
2024-01-31,Queens,1,4
2024-01-31,Queens,2,1
2024-01-31,Queens,3,3
2024-01-31,Queens,4,2
2024-01-31,Queens,5,2
2024-01-31,Queens,6,6
2024-01-31,Queens,7,21
2024-01-31,Queens,8,28
2024-01-31,Queens,9,25
2024-01-31,Queens,10,29
2024-01-31,Queens,11,27
2024-01-31,Queens,12,25
2024-01-31,Queens,13,31
2024-01-31,Queens,14,27
2024-01-31,Queens,15,34
2024-01-31,Queens,16,50
2024-01-31,Queens,17,55
2024-01-31,Queens,18,54
2024-01-31,Queens,19,39
2024-01-31,Queens,20,23
2024-01-31,Queens,21,25
2024-01-31,Queens,22,16
2024-01-31,Queens,23,11
2024-01-31,Staten Island,15,1
2024-01-31,Unknown,9,2
